SEBI REPORT AS ON Reporting date 01-SEP-2026,,,
,,,
,,,
Sr.No.,Particulars,Rs. In Lakhs ,
1,Scripwise Total Outstanding on the beginning of the day,14592393.27,
2,Fresh Exposure taken during the day,463352.99,
3,Exposure liquidated during the day,369883.63,
4,Net scripwise outstanding at the end of the day,14685862.63,
,,,
,,,
Symbol,Name,Qty Fin by all the members(No.of Shares),Amt Fin by all the members(Rs. In Lakhs)
20MICRONS,20 MICRONS LTD,297457,604.54
360ONE,360 ONE WAM LIMITED,557676,6435.38
3BBLACKBIO,3B BLACKBIO DX LTD.,25493,306.06
3IINFOLTD,3I INFOTECH LIMITED,5504,2.11
3MINDIA,3M INDIA LIMITED,9554,3295.07
5PAISA,5PAISA CAPITAL LIMITED,118644,457.75
63MOONS,63 MOONS TECHNOLOGIES LTD,859403,6096.38
AAATECH,AAA TECHNOLOGIES LIMITED,3000,2.91
AADHARHFC,AADHAR HOUSING FINANCE L,960979,4859.10
AARON,AARON INDUSTRIES LIMITED,846,1.50
AARTECH,AARTECH SOLONICS LIMITED,11,0.01
AARTIDRUGS,AARTI DRUGS LTD.,796871,3363.11
AARTIIND,AARTI INDUSTRIES LTD,2070970,10313.59
AARTIPHARM,AARTI PHARMALABS LIMITED,747555,6007.04
AARTISURF,AARTI SURFACTANTS LIMITED,1758,10.14
AARVI,AARVI ENCON LIMITED,1725,2.58
AASTHA,AASTHA SPINTEX LIMITED,39665,31.15
AAVAS,AAVAS FINANCIERS LIMITED,237869,3500.42
ABB,ABB INDIA LIMITED,263741,19732.22
ABBOTINDIA,ABBOTT INDIA LIMITED,21004,5821.86
ABCAPITAL,ADITYA BIRLA CAPITAL LTD.,3677961,13824.44
ABCOTS,A B COTSPIN INDIA LIMITED,110842,273.94
ABDL,ALLIED BLEND N DISTILS L,1194406,6889.94
ABFRL,ADITYA BIRLA FASHION & RT,36200053,35453.24
ABGSEC,BIRLASLAMC - ABGSEC,9,0.01
ABINFRA,A B INFRABUILD LIMITED,250050,33.93
ABLBL,ADITYA BIRLA LIFES BRAN L,10554882,13102.14
ABREL,ADITYA BIRLA REAL EST LTD,626443,9200.50
ABSLAMC,ADIT BIRL SUN LIF AMC LTD,404596,4354.07
ABSLBANETF,BIRLASLAMC - ABSLBANETF,23012,13.38
ABSLLIQUID,BIRLASLAMC - ABSLLIQUID,21,0.21
ABSLNN50ET,BIRLASLAMC - ABSLNN50ET,152512,116.57
ABSLPSE,BIRLASLAMC-ABSLPSE,262018,27.47
ACC,ACC LIMITED,892794,13642.85
ACCELYA,ACCELYA SOLN INDIA LTD,48723,632.69
ACE,ACTION CONST EQUIP LTD,760541,8180.79
ACI,ARCHEAN CHEMICAL IND LTD,1203291,6554.42
ACMESOLAR,ACME SOLAR HOLDINGS LTD,1847987,6961.61
ACSTECH,A C S TECHNOLOGIES LTD.,175,0.09
ACUTAAS,ACUTAAS CHEMICALS LIMITED,353887,10580.19
ADANIENSOL,ADANI ENERGY SOLUTION LTD,2107873,31371.95
ADANIENT,ADANI ENTERPRISES LIMITED,1534391,43805.42
ADANIGREEN,ADANI GREEN ENERGY LTD,2517985,34342.46
ADANIPORTS,ADANI PORT & SEZ LTD,2106510,35418.98
ADANIPOWER,ADANI POWER LTD,46428604,95721.50
ADFFOODS,ADF FOODS LIMITED,341436,996.20
ADOR,ADOR WELDING LTD,84406,1217.75
ADSL,ALLIED DIGITAL SERV. LTD,325137,468.16
ADVAIT,ADVAIT ENRGY TRANSITION L,85161,1843.16
ADVANCE,ADVANCE AGROLIFE LIMITED,605119,765.96
ADVANIHOTR,ADVANI HOT.& RES.(I) LTD,14429,8.00
ADVENTHTL,ADVENT HOTELS INTERNATI L,415590,669.86
ADVENZYMES,ADVANCED ENZYME TECH LTD,961198,3177.18
AEGISLOG,AEGIS LOGISTICS LIMITED,584119,6361.70
AEGISVOPAK,AEGIS VOPAK TERMINALS LTD,2440956,6797.25
AEQUS,AEQUS LIMITED,4338939,10223.20
AEROENTER,AEROFLEX ENTERPRISES LTD,1503181,1879.93
AEROFLEX,AEROFLEX INDUSTRIES LTD,1488297,6183.53
AEROPLANE,AMIR CHAND JAG KUM (E) L,1009544,1808.75
AETHER,AETHER INDUSTRIES LIMITED,401099,5789.52
AFCONS,AFCONS INFRASTRUCTURE LTD,1869308,5982.84
AFFLE,AFFLE 3I LIMITED,310925,5141.55
AFFORDABLE,AFFORD ROBO & AUTO LTD,500,1.39
AFIL,AKME FINTRADE (INDIA) LTD,806291,77.63
AFSL,ABANS FINANCIAL SRVCS LTD,9066,22.11
AGARIND,AGARWAL INDS CORP LTD.,190467,1055.71
AGARWALEYE,DR AGARWALS HEALTH CARE L,143596,713.34
AGI,AGI GREENPAC LIMITED,506724,3713.59
AGIIL,AGI INFRA LIMITED,2113500,6474.03
AGL,ALLCARGO GLOBAL LIMITED,1256963,176.04
AHCL,ANLON HEALTHCARE LIMITED,6603098,992.14
AHLUCONT,AHLUWALIA CONT IND LTD,244908,1964.47
AIAENG,AIA ENGINEERING LIMITED,77432,3482.74
AIIL,AUTHUM INVEST & INFRA LTD,715002,3874.18
AJANTPHARM,AJANTA PHARMA LIMITED,51015,1761.19
AJAXENGG,AJAX ENGINEERING LIMITED,142681,839.43
AJMERA,AJMERA REALTY & INF I LTD,1477184,1981.32
AJOONI,AJOONI BIOTECH LIMITED,22000,0.98
AKUMS,AKUMS DRUGS AND PHARMA L,581043,3955.19
ALANKIT,ALANKIT LIMITED,44228,4.53
ALBERTDAVD,ALBERT DAVID LIMITED,3995,32.67
ALEMBICLTD,ALEMBIC LIMITED,1310307,1309.17
ALGOQUANT,ALGOQUANT FINTECH LIMITED,1278783,824.11
ALICON,ALICON CASTALLOY LIMITED,51881,384.02
ALIVUS,ALIVUS LIFE SCIENCES LTD,164945,2077.74
ALKEM,ALKEM LABORATORIES LTD.,50408,2805.60
ALKYLAMINE,ALKYL AMINES CHEM. LTD,237229,4556.13
ALLCARGO,ALLCARGO LOGISTICS LTD,11623509,1398.47
ALLDIGI,ALLDIGI TECH LIMITED,37952,277.88
ALLTIME,ALL TIME PLASTICS LIMITED,233443,566.69
ALOKINDS,ALOK INDUSTRIES LIMITED,35244916,4399.90
ALPHA,KOTAKMAMC - KOTAKALPHA,3865788,1986.61
ALPHAETF,MIRAEAMC - ALPHAETF,882876,233.70
ALPHAGEO,ALPHAGEO (INDIA) LIMITED,50,0.14
ALPINETEX,ALPINE TEXWORLD LIMITED,715,0.37
ALPL30IETF,ICICIPRAMC - ICICIALPLV,487410,141.13
AMAGI,AMAGI MEDIA LABS LIMITED,613812,3749.24
AMANTA,AMANTA HEALTHCARE LIMITED,212,0.30
AMBALALSA,AMBALAL SARABHAI ENT L,200,0.06
AMBER,AMBER ENTERPRISES (I) LTD,323938,25038.24
AMBIKCO,AMBIKA COTTON MILL LTD.,38801,645.64
AMBUJACEM,AMBUJA CEMENTS LTD,5990626,27182.00
AMNPLST,AMINES & PLASTICIZERS LTD,950,1.89
AMRUTANJAN,AMRUTAJAN HEALTH LTD,133396,752.09
ANANDRATHI,ANAND RATHI WEALTH LTD,880674,16320.28
ANANTRAJ,ANANT RAJ LIMITED,11540643,68613.45
ANDHRAPAP,ANDHRA PAPER LIMITED,561752,371.62
ANDHRSUGAR,ANDHRA SUGARS LTD,1028865,1010.25
ANDREWYU,ANDREW YULE & CO. LTD.,7869,2.18
ANGELONE,ANGEL ONE LIMITED,8844306,27652.82
ANTELOPUS,ANTELOPUS SELAN ENRGY LTD,130717,1047.93
ANTHEM,ANTHEM BIOSCIENCES LTD,624845,5378.67
ANUHPHR,ANUH PHARMA LIMITED,43619,35.19
ANUP,THE ANUP ENGINEERING LTD,107464,2235.37
ANURAS,ANUPAM RASAYAN INDIA LTD,2942959,35827.56
AONEGOLD,AONEAMC - AONEGOLD,145503,21.48
AONELIQUID,AONEAMC - AONELIQUID,49,0.52
AONENIFTY,AONEAMC - AONENIFTY,208179,20.95
AONESILVER,AONEAMC - AONESILVER,9496,0.85
AONETMMQ50,AONEAMC - AONETMMQ50,183522,18.60
AONETOTAL,AONEAMC - AONETOTAL,365320,42.56
APARINDS,APAR INDUSTRIES LTD.,55051,8219.07
APCOTEXIND,APCOTEX INDUSTRIES LIMITE,318055,1993.26
APEX,APEX FROZEN FOODS LIMITED,511705,2125.89
APLAPOLLO,APL APOLLO TUBES LTD,203901,4147.23
APLLTD,ALEMBIC PHARMA LTD,194316,1720.54
APOLLO,APOLLO MICRO SYSTEMS LTD,8844091,34080.90
APOLLOHOSP,APOLLO HOSPITALS ENTER. L,110806,9595.88
APOLLOPIPE,APOLLO PIPES LIMITED,467277,2563.21
APOLLOTYRE,APOLLO TYRES LTD,1422431,6488.03
APOLSINHOT,APOLLO SINDOORI HOTEL LTD,81,1.71
APTECHT,APTECH LIMITED,11332,13.87
APTUS,APTUS VALUE HSG FIN I LTD,2546332,6880.43
AQYLON,AQYLON NEXUS LIMITED,4205780,1086.96
ARDEE,ARDEE INDUSTRIES LIMITED,93495,53.26
ARE&M,AMARA RAJA ENERGY MOB LTD,1679515,15794.32
ARFIN,ARFIN INDIA LIMITED,591810,543.94
ARIES,ARIES AGRO LTD.,11072,49.91
ARIHANTCAP,ARIHANT CAPITAL MKTS LTD,941701,795.10
ARIHANTSUP,ARIHANT SUPERSTRUCT LTD,154282,584.03
ARIS,ARISINFRA SOLUTIONS LTD,3402109,4484.18
ARKADE,ARKADE DEVELOPERS LIMITED,3091608,4465.63
ARMANFIN,ARMAN FIN SERV LTD,89277,1595.75
ARROWGREEN,ARROW GREENTECH LIMITED,37,0.30
ARSSBL,ANAND RATHI SH N STK BR L,1515315,8564.51
ARTEMISMED,ARTEMIS MED SERVICE LTD,447590,1379.84
ARVIND,ARVIND LIMITED,526327,2473.78
ARVINDFASN,ARVIND FASHIONS LIMITED,363892,1793.67
ARVSMART,ARVIND SMARTSPACES LTD,199840,1323.64
ASAHIINDIA,ASAHI INDIA GLASS LIMITED,332060,3128.34
ASAHISONG,ASAHI SONGWON COLOR LTD,216,0.70
ASAL,AUTOMOTIVE STAMPINGS & AS,31409,169.59
ASALCBR,ASSO ALCOHOLS & BREW LTD,137773,1185.32
ASHAPURMIN,ASHAPURA MINECHEM LTD,2388202,14700.19
ASHIANA,ASHIANA HOUSING LTD,136350,511.67
ASHIKAG,ASHIKA GLOBAL SEC LTD,20,0.10
ASHIMASYN,ASHIMA LTD,22226,3.74
ASHOKA,ASHOKA BUILDCON LTD,7019911,10086.34
ASHOKLEY,ASHOK LEYLAND LTD,29808674,51865.22
ASIANENE,ASIAN ENERGY SERVICES LTD,441569,1926.48
ASIANHOTNR,ASIAN HOTELS (NORTH) LTD,61034,189.45
ASIANPAINT,ASIAN PAINTS LIMITED,458722,12335.13
ASIANTILES,ASIAN GRANITO IND. LTD.,4728967,2781.63
ASKAUTOLTD,ASK AUTOMOTIVE LIMITED,342813,2096.86
ASMS,AVIO SMART MRKT STACK LTD,9771,0.96
ASTEC,ASTEC LIFESCIENCES LTD,384690,3399.01
ASTERDM,ASTER DM QUALITY CARE LTD,773786,5836.64
ASTRAL,ASTRAL LIMITED,399255,6246.25
ASTRAMICRO,ASTRA MICROWAVE LTD,1561977,18101.17
ASTRAZEN,ASTRAZENECA PHARMA IND LT,38871,3008.34
ATALREAL,ATAL REALTECH LIMITED,1258664,301.56
ATGL,ADANI TOTAL GAS LIMITED,3539844,25210.35
ATHERENERG,ATHER ENERGY LIMITED,1831148,25081.26
ATL,ALLCARGO TERMINALS LTD,495351,184.74
ATLANTAA,ATLANTAA LIMITED,10166,4.71
ATLANTAELE,ATLANTA ELECTRICALS LTD,33237,577.55
ATUL,ATUL LTD,232580,14403.06
ATULAUTO,ATUL AUTO LIMITED,422485,2165.05
AUBANK,AU SMALL FINANCE BANK LTD,412757,4147.79
AURIONPRO,AURIONPRO SOLN LTD,942790,8132.31
AUROPHARMA,AUROBINDO PHARMA LTD,325004,4767.69
AURUM,AURUM PROPTECH LIMITED,242203,571.34
AUTOAXLES,AUTOMOTIVE AXLES LIMITED,41480,738.28
AUTOBEES,NIPPONAMC - NETFAUTO,487242,1430.33
AUTOIETF,ICICIPRAMC - ICICIAUTO,1073376,318.04
AUTOIND,AUTOLINE INDUSTRIES LTD,9344,8.54
AVADHSUGAR,AVADH SUG & ENERGY LTD,206181,1431.21
AVALON,AVALON TECHNOLOGIES LTD,244391,4306.35
AVANTEL,AVANTEL LIMITED,9054107,15615.51
AVANTIFEED,AVANTI FEEDS LIMITED,1169262,12268.23
AVG,AVG LOGISTICS LIMITED,25384,46.26
AVL,ADITYA VISION LIMITED,127548,756.50
AVONMORE,AVONMORE CAP&MGT SERV LTD,1286027,238.11
AVTNPL,AVT NATURAL PRODUCTS LTD,153621,135.35
AWFIS,AWFIS SPACE SOLUTIONS LTD,2148778,7856.94
AWHCL,ANTONY WASTE HDG CELL LTD,545397,2546.80
AWL,AWL AGRI BUSINESS LIMITED,8108239,16802.74
AXISBANK,AXIS BANK LIMITED,2410388,30866.43
AXISCADES,AXISCADES TECH LTD,288505,4819.35
AXITA,AXITA COTTON LIMITED,116968,9.10
AYE,AYE FINANCE LIMITED,1149820,2048.73
AYMSYNTEX,AYM SYNTEX LIMITED,25740,73.29
AZAD,AZAD ENGINEERING LIMITED,840802,20697.05
BAJAJ-AUTO,BAJAJ AUTO LIMITED,102832,10539.81
BAJAJCON,BAJAJ CONSUMER CARE LTD,1517516,7297.78
BAJAJELEC,BAJAJ ELECT.LTD,987914,3942.80
BAJAJFINSV,BAJAJ FINSERV LTD.,1141885,22086.31
BAJAJHCARE,BAJAJ HEALTHCARE LIMITED,940787,3543.55
BAJAJHFL,BAJAJ HOUSING FINANCE LTD,27773788,26814.65
BAJAJHIND,BAJAJ HINDUSTHAN SUGAR LT,26446570,5943.09
BAJAJHLDNG,BAJAJ HOLDINGS & INVS LTD,64634,7463.93
BAJAJINDEF,INDEF MANUFACTURING LTD,106320,278.57
BAJAJST,BAJAJ STEEL INDS. LTD.,599,2.34
BAJEL,BAJEL PROJECTS LIMITED,632176,1243.36
BAJFINANCE,BAJAJ FINANCE LIMITED,2716436,27500.07
BALAJEE,SHREE TIRUPATI BALAJEE L,179605,58.54
BALAJITELE,BALAJI TELEFILMS LIMITED.,287725,278.53
BALAMINES,BALAJI AMINES LIMITED,202423,4082.21
BALKRISIND,BALKRISHNA IND. LTD,123938,2948.87
BALMLAWRIE,BALMER LAWRIE & CO LTD,1278248,2557.58
BALPHARMA,BAL PHARMA LTD.,300,0.26
BALRAMCHIN,BALRAMPUR CHINI MILLS LTD,2144610,14234.54
BALUFORGE,BALU FORGE INDUSTRIES LTD,1804213,9487.71
BANARISUG,BANNARI AMMAN SUGARS LTD,2381,91.98
BANCOINDIA,BANCO PRODUCTS (I) LTD,608929,4090.03
BANDHANBNK,BANDHAN BANK LIMITED,17634233,32199.14
BANK10ADD,DSPAMC - BANK10ADD,1493,0.25
BANKADD,DSPAMC - DSPBANK,2583,1.50
BANKBARODA,BANK OF BARODA,18530701,47837.44
BANKBEES,NIP IND ETF BANK BEES,1154610,6804.93
BANKBETA,UTIAMC-BANKBETA,66913,39.38
BANKBETF,BFAM - BANKBETF,20083,11.73
BANKETF,MIRAEAMC - BANKETF,8481,48.63
BANKIETF,ICICIPRAMC - IPRU5008,498655,289.29
BANKINDIA,BANK OF INDIA,18264273,26000.60
BANKNIFTY1,KOTAKMAMC-KOTAKBKETF,260484,151.79
BANKPSU,MIRAEAMC - BANKPSU,91446,77.88
BANSALWIRE,BANSAL WIRE INDUSTRIES L,317207,1048.23
BANSWRAS,BANSWARA SYNTEX LIMITED,6459,8.23
BASF,BASF INDIA LTD,169114,7002.30
BASML,BANNARI AM SPIN MILL LTD.,10,0.00
BATAINDIA,BATA INDIA LTD,1245612,9973.02
BATLIBOI,BATLIBOI LTD.,24104,22.85
BAYERCROP,BAYER CROPSCIENCE LTD,110860,4900.28
BBETF0432,EDELAMC - BBETF0432,327,4.44
BBL,BHARAT BIJLEE LTD,127149,3233.22
BBNPNBETF,BARODABNP - BBNPNBETF,5796,3.40
BBNPPGOLD,BARODABNP - BBNPPGOLD,7252,10.88
BBOX,BLACK BOX LIMITED,1284669,8938.84
BBTC,BOMBAY BURMAH TRADING COR,338891,5722.05
BCG,BRIGHTCOM GROUP LIMITED,3272085,334.20
BCLIND,BCL INDUSTRIES LIMITED,2231276,806.00
BCONCEPTS,BRAND CONCEPTS LIMITED,100,0.17
BCPL,BCPL RAILWAY INFRA LTD,1987,1.54
BDL,BHARAT DYNAMICS LIMITED,4116149,58675.43
BECTORFOOD,MRS BECTORS FOOD SPE LTD,1753207,3817.33
BEL,BHARAT ELECTRONICS LTD,29759162,123454.56
BELLACASA,BELLA CASA FASH AND RET L,1162,4.20
BELRISE,BELRISE INDUSTRIES LTD,14608421,30505.15
BEML,BEML LIMITED,756128,15021.35
BENGALASM,BENGAL & ASSAM CO. LTD.,154,9.74
BEPL,BHANSALI ENG. POLYMERS LT,4307490,5141.47
BERGEPAINT,BERGER PAINTS (I) LTD,477701,2519.35
BESTAGRO,BEST AGROLIFE LIMITED,593718,117.71
BETA,BETA DRUGS LIMITED,16064,373.85
BFINVEST,BF INVESTMENT LIMITED,82370,416.75
BFSI,MIRAEAMC - MAFSETF,470996,128.62
BFUTILITIE,BF UTILITIES LIMITED,100399,594.96
BGRENERGY,BGR ENERGY SYSTEMS LTD,102,0.34
BHAGCHEM,BHAGIRADHA CHEM & INDS L,1209636,3144.78
BHAGERIA,BHAGERIA INDUSTRIES LTD,796,1.39
BHAGYANGR,BHAGYANAGAR INDIA LIMITED,9428,37.11
BHARATCOAL,BHARAT COKING COAL LTD,37858053,14617.27
BHARATFORG,BHARAT FORGE LTD,532223,10921.92
BHARATRAS,BHARAT RASAYAN LTD,54586,949.18
BHARATSE,BHARAT SEATS LIMITED,257102,601.91
BHARATWIRE,BHARAT WIRE ROPES LTD.,1115225,2363.60
BHARTIARTL,BHARTI AIRTEL LIMITED,3818903,73887.57
BHARTIHEXA,BHARTI HEXACOM LIMITED,145505,2403.12
BHEL,BHEL,15969317,64475.89
BIGBLOC,BIGBLOC CONSTRUCTION LTD,47181,31.33
BIKAJI,BIKAJI FOODS INTERN LTD,461602,3198.23
BIL,BHARTIYA INTERNATIONAL,5997,47.56
BIOCON,BIOCON LIMITED.,2388783,9965.00
BIRLACABLE,BIRLA CABLE LIMITED,1244,2.16
BIRLACORPN,BIRLA CORPORATION LTD,266037,2911.00
BIRLAMONEY,ADITYA BIRLA MONEY LTD,109766,160.80
BIRLANU,BIRLANU LIMITED,45666,763.77
BLACKBUCK,BLACKBUCK LIMITED,638986,3868.80
BLAL,BEML LAND ASSETS LIMITED,104122,208.93
BLIL,BALMER LAWRIE INVSTS. L,27420,19.69
BLISSGVS,BLISS GVS PHARMA LTD,3955,9.91
BLKASHYAP,B.L.KASHYAP & SON LTD,1134685,691.92
BLS,BLS INTL SERVS LTD,8657470,25657.79
BLSE,BLS E-SERVICES LIMITED,968803,2429.95
BLUECLOUDS,BLUE CLOUD SOFTECH SOLU L,147041,30.09
BLUEDART,BLUE DART EXPRESS LTD,72115,4141.92
BLUEJET,BLUE JET HEALTHCARE LTD,2444050,13190.58
BLUESTARCO,BLUE STAR LIMITED,753664,12453.62
BLUESTONE,BLUESTONE JEWEL LFSTL LTD,399483,3129.63
BLUSPRING,BLUSPRING ENTERPRISES LTD,465051,524.78
BMWVENTLTD,BMW VENTURES LIMITED,47708,28.36
BNKETFAXIS,AXISAMC-BNKETFAXIS,448,2.65
BODALCHEM,BODAL CHEMICALS LTD,137462,154.64
BOMDYEING,BOMBAY DYEING & MFG. CO L,5707261,8270.28
BORANA,BORANA WEAVES LIMITED,21728,69.45
BOROLTD,BOROSIL LIMITED,506711,1442.87
BORORENEW,BOROSIL RENEWABLES LTD,1824658,10172.92
BOROSCI,BOROSIL SCIENTIFIC LTD,196543,281.03
BOSCH-HCIL,BOSCH HOME COMFRT IND LTD,114055,1770.06
BOSCHLTD,BOSCH LIMITED,9971,4429.68
BPCL,BHARAT PETROLEUM CORP  LT,3553213,11396.39
BPL,BPL LTD,11650,6.67
BRIGADE,BRIGADE ENTER. LTD,887528,5522.69
BRIGHOTEL,BRIGADE HOTEL VENTURE LTD,289924,194.19
BRITANNIA,BRITANNIA INDUSTRIES LTD,190808,10537.35
BSE,BSE LIMITED,9251199,329451.84
BSE500IETF,ICICIPRAMC - ICICI500,547038,214.24
BSLGOLDETF,ADITYBIRLA SL GOLD ETF-GR,81614,111.35
BSLNIFTY,ADITYBIRLA SL NIF ETF-GR,748817,213.55
BSLSENETFG,BIRLASLAMC - BSLSENETFG,20677,16.96
BSOFT,BIRLASOFT LIMITED,4979016,17626.25
BUILDPRO,SHANKARA BUILDPRO LIMITED,215851,2691.90
BUTTERFLY,BTRFLY GANDHI APPL LTD,46393,330.49
BYKE,THE BYKE HOSPITALITY LTD,3,0.00
CAMLINFINE,CAMLIN FINE SCIENCES LTD,3613501,4586.19
CAMPUS,CAMPUS ACTIVEWEAR LIMITED,1766009,4224.67
CAMS,COMPUTER AGE MNGT SER LTD,3015395,23757.90
CANBK,CANARA BANK,52156152,69241.56
CANFINHOME,CAN FIN HOMES LTD,444901,3760.61
CANHLIFE,CANARA HSBC LIFE INS CO L,765023,1186.46
CANTABIL,CANTABIL RETAIL LTD,2109517,5225.75
CAPACITE,CAPACITE INFRAPROJECT LTD,2706109,6758.39
CAPILLARY,CAPILLARY TECHNO INDIA L,731281,3893.17
CAPITALSFB,CAPITAL SMALL FIN BANK L,142505,375.76
CAPLIPOINT,CAPLIN POINT LAB LTD.,148505,3594.77
CARBORUNIV,CARBORUNDUM UNIVERSAL LTD,270559,3050.15
CARERATING,CARE RATINGS LIMITED,91693,1591.53
CARRARO,CARRARO INDIA LIMITED,348848,1941.32
CARTRADE,CARTRADE TECH LIMITED,287035,7700.98
CARYSIL,CARYSIL LIMITED,233373,2677.12
CASHIETF,ICICIPRAMC - CASHIETF,47,0.50
CASTROLIND,CASTROL INDIA LIMITED,7200902,14442.08
CCAVENUE,AVENUESAI LIMITED,40727546,6598.94
CCCL,CONS. CONST. CONSORT LTD,15388,2.53
CCL,CCL PRODUCTS (I) LTD,235598,2678.00
CDSL,CENTRAL DEPO SER (I) LTD,5159268,74047.40
CEATLTD,CEAT LIMITED,215640,7908.30
CEIGALL,CEIGALL INDIA LIMITED,365117,1237.07
CEINSYS,CEINSYS TECH LIMITED,209871,1853.23
CELLO,CELLO WORLD LIMITED,1799061,7661.49
CEMNTGROWW,GROWWAMC - CEMNTGROWW,11631,1.71
CEMPRO,CEMINDIA PROJECTS LIMITED,385366,3855.24
CENTENKA,CENTURY ENKA LTD,151136,862.83
CENTEXT,CENTURY EXTRUSIONS LTD,17345,4.01
CENTRALBK,CENTRAL BANK OF INDIA,52815525,18528.26
CENTRUM,CENTRUM CAPITAL LIMITED,274653,68.91
CENTUM,CENTUM ELECTRONICS LTD,110934,3680.57
CENTURYPLY,CENTURY PLYBOARDS (I) LTD,118849,955.37
CERA,CERA SANITARYWARE LTD,54716,3204.36
CESC,CESC LTD,8377456,14281.32
CEWATER,CONCORD ENVIRO SYSTEMS L,349740,1139.01
CGCL,CAPRI GLOBAL CAPITAL LTD,4331355,9099.24
CGPOWER,CG POWER AND IND SOL LTD,5006089,42233.33
CHALET,CHALET HOTELS LIMITED,173410,1551.86
CHAMBLFERT,CHAMBAL FERTILIZERS LTD,4300757,20430.34
CHEMCON,CHEMCON SPECIAL CHEM LTD,15725,33.77
CHEMFAB,CHEMFAB ALKALIS LIMITED,2527,11.11
CHEMICAL,KOTAKMAMC - CHEMICAL,411722,124.09
CHEMPLASTS,CHEMPLAST SANMAR LIMITED,1474617,3190.22
CHENNPETRO,CHENNAI PETROLEUM CORP LT,779351,10147.40
CHEVIOT,CHEVIOT COMPANY LIMITED,997,11.55
CHOICEIN,CHOICE INTERNATIONAL LTD,2566124,19872.77
CHOLAFIN,CHOLAMANDALAM IN & FIN CO,234972,4239.82
CHOLAHLDNG,CHOLAMANDALAM FIN HOL LTD,150696,2478.58
CIEINDIA,CIE AUTOMOTIVE INDIA LTD,873409,3833.89
CIFL,CAPITAL INDIA FINANCE LTD,121195,38.95
CIPLA,CIPLA LTD,611233,8952.42
CLEAN,CLEAN SCIENCE & TECH LTD,1040975,9664.16
CLEANMAX,CLEAN MAX ENVIRO EN SOL L,159811,2076.38
CLSEL,CHAMAN LAL SETIA EXP LTD,191279,562.61
CMLL,CALIBER MINING AND LOG L,2755,13.88
CMPDI,CENTRAL MINE P N D INST L,9838611,23915.29
CMRGREEN,CMR GREEN TECHNOLOGIES L,363417,828.11
CMSINFO,CMS INFO SYSTEMS LIMITED,1947358,5801.46
CNL,CREATIVE NEWTECH LIMITED,225067,1769.20
COALINDIA,COAL INDIA LTD,10095638,43636.53
COASTCORP,COASTAL CORPORATION LTD,3300,1.45
COCHINSHIP,COCHIN SHIPYARD LIMITED,2651900,43999.62
COCKERILL,JOHN COCKERILL INDIA LTD.,15503,1341.08
COFFEEDAY,COFFEE DAY ENTERPRISE LTD,1532,0.61
COFORGE,COFORGE LIMITED,1074810,18269.04
COHANCE,COHANCE LIFESCIENCES LTD,1012070,5101.37
COLPAL,COLGATE PALMOLIVE LTD.,770585,15919.81
COMMOIETF,ICICIPRAMC - ICICICOMMO,101394,103.59
COMSYN,COMMERCIAL SYN BAGS LTD,1254287,3091.14
CONCOR,CONTAINER CORP OF IND LTD,3072580,16376.04
CONCORDBIO,CONCORD BIOTECH LIMITED,385366,5252.70
CONFIPET,CONFIDENCE PETRO IND LTD.,6496460,4877.42
CONS,KOTAKMAMC - KOTAKCONS,7712,0.95
CONSUMAXIS,AXISAMC-CONSUMAXIS,11813,14.99
CONSUMBEES,NIP IND ETF CONSUMPTION,149489,198.37
CONSUMER,MIRAEAMC - CONSUMER,148368,17.95
CONSUMIETF,ICICIPRAMC - ICICICONSU,18593,23.21
CONTROLPR,CONTROL PRINT LIMITED,64157,426.66
CORDELIA,WATERWAYS LEISURE TOUR L,12728851,11483.50
CORDSCABLE,CORDS CABLE INDUS LTD.,2716,7.97
COROMANDEL,COROMANDEL INTERNTL. LTD,130694,2710.01
CORONA,CORONA REMEDIES LIMITED,22574,467.33
COSMOFIRST,COSMO FIRST LIMITED,311103,2720.92
CPPLUS,ADITYA INFOTECH LIMITED,123230,3966.85
CPSEETF,CPSE ETF,3633050,3597.40
CRAFTSMAN,CRAFTSMAN AUTOMATION LTD,24902,2369.44
CRAMC,CANARA ROBECO AMC LIMITED,2435423,6193.88
CREDITACC,CREDITACCESS GRAMEEN LTD,486456,7090.38
CREST,CREST VENTURES LIMITED,573352,2048.93
CRISIL,CRISIL LTD,54163,2527.52
CRIZAC,CRIZAC LIMITED,1082118,2464.46
CROMPTON,CROMPT GREA CON ELEC LTD,8606648,23077.76
CROWN,CROWN LIFTERS LIMITED,202,0.28
CSBBANK,CSB BANK LIMITED,1610223,5912.56
CSLFINANCE,CSL FINANCE LIMITED,25124,59.85
CSM,CSM TECHNOLOGIES LIMITED,2068,1.95
CUB,CITY UNION BANK LTD,1632933,3373.44
CUBEXTUB,CUBEX TUBINGS LTD,2244,2.30
CUMMINSIND,CUMMINS INDIA LTD,421856,22691.24
CUPID,CUPID LIMITED,47608709,26203.81
CYBERTECH,CYBERTECH SYSTEMS & SOFTW,1862,2.28
CYIENT,CYIENT LIMITED,714930,7767.83
CYIENTDLM,CYIENT DLM LIMITED,680667,4068.96
DABUR,DABUR INDIA LTD,3706634,15982.27
DALBHARAT,DALMIA BHARAT LIMITED,184921,3550.64
DALMIASUG,DALMIA BHARAT SUG IN LTD,537591,2465.08
DAMCAPITAL,DAM CAPITAL ADVISORS LTD,1841292,3146.81
DATAMATICS,DATAMATICS GLOBAL SER LTD,335228,2768.42
DATAPATTNS,DATA PATTERNS INDIA LTD,667819,29617.16
DAVANGERE,DAVANGERE SUGAR COMPANY L,986454,32.57
DBCORP,D.B.CORP LTD,256548,581.92
DBL,DILIP BUILDCON LIMITED,795720,3580.62
DBOL,DHAMPUR BIO ORGANICS LTD,98828,126.05
DBREALTY,VALOR ESTATE LIMITED,612299,655.28
DCAL,DISHMAN CARBO AMCIS LTD,1294350,2584.32
DCBBANK,DCB BANK LIMITED,4399356,8233.64
DCI,DC INFOTECH AND COMUN LTD,45647,144.37
DCMSHRIRAM,DCM SHRIRAM LIMITED,207463,2352.88
DCMSIL,DCM SHRIRAM INTERNATNL L,3080,2.38
DCMSRIND,DCM SHRIRAM IND LTD,17242,10.35
DCW,DCW LTD,5960917,3115.82
DCXINDIA,DCX SYSTEMS LIMITED,3208430,6730.25
DDEVPLSTIK,DDEV PLASTIKS IND LTD,460843,1254.71
DECCANCE,DECCAN CEMENTS LIMITED,85749,600.57
DECNGOLD,DECCAN GOLD MINES LTD.,1192263,2698.93
DEEDEV,DEE DEVELOPMENT ENG LTD,28618,180.27
DEEPAKFERT,DEEPAK FERTILIZERS & PETR,889974,12317.57
DEEPAKNTR,DEEPAK NITRITE LTD,659492,11946.33
DEEPINDS,DEEP INDUSTRIES LIMITED,870474,5358.98
DEFENCE,MIRAEAMC - DEFENCE,136153,108.42
DELHIVERY,DELHIVERY LIMITED,2636797,12769.74
DELTACORP,DELTA CORP LIMITED,9501031,7051.67
DEN,DEN NETWORKS LTD,2708641,910.72
DENORA,DE NORA INDIA LIMITED,554,5.04
DENTA,DENTA WATER N INFRA SOL L,422353,1405.04
DEVIT,DEV INFO TECHNOLOGY LTD,4408,2.72
DEVX,DEV ACCELERATOR LIMITED,43485,16.32
DEVYANI,DEVYANI INTERNATIONAL LTD,5534485,7236.12
DHAMPURSUG,DHAMPUR SUGAR MILLS LTD.,1321495,2237.99
DHANBANK,DHANLAXMI BANK LIMITED,1402027,467.17
DHANUKA,DHANUKA AGRITECH LTD,126262,1425.69
DHARMAJ,DHARMAJ CROP GUARD LTD,46225,123.31
DHOOTTRANS,DHOOT TRANSMISSION LTD,5436,80.85
DIACABS,DIAMOND POWER INFRA LTD,34012,69.59
DIAMINESQ,DIAMINES & CHEMICALS LTD,1000,2.58
DIAMONDYD,PRATAAP SNACKS LIMITED,807228,8658.60
DIFFNKG,DIFFUSION ENGINEERS LTD,249460,985.24
DIGITIDE,DIGITIDE SOLUTIONS LTD,954343,1093.69
DISAQ,DISA INDIA LTD.,242,29.66
DISHTV,DISH TV INDIA LTD.,740030,30.69
DIVGIITTS,DIVGI TORQTRANSFER SYST L,264960,3072.52
DIVIDEND,MIRAEAMC - DIVIDEND,13391,4.73
DIVISLAB,DIVI S LABORATORIES LTD,265715,22285.43
DIVOPPBEES,NIP IND ETF DIV OPP,101548,84.50
DIXON,DIXON TECHNO (INDIA) LTD,365913,50620.09
DJML,DJ MEDIAPRINT & LOG LTD,74763,82.84
DLF,DLF LIMITED,3865967,26603.02
DLINKINDIA,D-LINK INDIA LTD,666690,3292.75
DMART,AVENUE SUPERMARTS LIMITED,482642,19707.91
DMCC,DMCC SPECIALITY CHEMICALS,75144,217.19
DODLA,DODLA DAIRY LIMITED,42838,496.82
DOLATALGO,DOLAT ALGOTECH LIMITED,414335,341.91
DOLLAR,DOLLAR INDUSTRIES LIMITED,460032,1312.76
DOLPHIN,DOLPHIN OFF ENT (IND) L,7504,40.90
DOMS,DOMS INDUSTRIES LIMITED,99131,2366.09
DONEAR,DONEAR IND. LIMITED,43441,40.18
DPABHUSHAN,D. P. ABHUSHAN LIMITED,39793,585.35
DPWIRES,D P WIRES LIMITED,5736,13.07
DRAGARWQ,DR. AGARWAL'S EYE HOSP L,685,35.72
DREAMFOLKS,DREAMFOLKS SERVICES LTD,43499,43.36
DREDGECORP,DREDGING CORP OF INDIA,345745,3801.77
DRREDDY,DR. REDDY S LABORATORIES,1290336,16016.11
DSSL,DYNACONS SYS & SOLN LTD,42663,567.60
DVL,DHUNSERI VENTURES LIMITED,21326,57.13
DWARKESH,DWARIKESH SUGAR IND LTD,3733428,1840.43
DYCL,DYNAMIC CABLES LIMITED,569847,2508.56
DYNAMATECH,DYNAMATIC TECHNOLOGIES,72265,6547.56
DYNPRO,DYNEMIC PRODUCTS LIMITED,7926,20.83
E2E,E2E NETWORKS LIMITED,10927,45.54
EASEMYTRIP,EASY TRIP PLANNERS LTD,52767595,4917.54
EBBETF0430,EDELAMC - EBBETF0430,261,4.17
EBBETF0431,EDELAMC - EBBETF0431,1,0.01
EBBETF0433,EDELAMC - EBBETF0433,603,7.93
EBGNG,GNG ELECTRONICS LIMITED,608329,3505.04
ECAPINSURE,EDELAMC - ECAPINSURE,249443,59.71
ECLERX,ECLERX SERVICES LTD,262180,4836.91
ECOSMOBLTY,ECOS (INDIA) MOB & HOSP L,17645,29.97
EDELWEISS,EDELWEISS FIN SERV LTD,12077672,14438.21
EFCIL,EFC (I) LIMITED,3809878,7544.09
EGOLD,EDELAMC - EGOLD,17583,26.15
EICHERMOT,EICHER MOTORS LTD,128670,9918.70
EIDPARRY,EID PARRY INDIA LTD,1147744,9546.01
EIEL,ENVIRO INFRA ENGINEERS L,3772908,8371.61
EIFFL,EURO (I) FRESH FOODS LTD,0,0.00
EIHAHOTELS,EIH ASSOCIATED HOTELS LTD,48786,167.56
EIHOTEL,EIH LIMITED,590061,2013.63
EIMCOELECO,EIMCO ELECON (INDIA) LTD,32604,667.95
EKC,EVEREST KANTO CYLINDERLTD,1430443,1768.84
ELANTAS,ELANTAS BECK INDIA LTD.,997,119.78
ELCIDIN,ELCID INVESTMENTS LTD.,3,3.40
ELECON,ELECON ENG. CO. LTD,1659834,8425.64
ELECTCAST,ELECTROSTEEL CASTINGS LTD,10878424,9188.38
ELECTHERM,ELECTROTHERM (I) LTD.,45652,435.75
ELGIEQUIP,ELGI EQUIPMENTS LTD,785859,4687.53
ELGIRUBCO,ELGI RUBBER CO. LTD,5,0.00
ELIN,ELIN ELECTRONICS LIMITED,594073,651.71
ELIQUID,EDELAMC - ELIQUID,7,0.07
ELITECON,ELITECON INTERNATIONAL L,173893,37.05
ELLEN,ELLENBARRIE INDUS GASES L,1253456,4033.54
ELM250,EDELAMC - ELM250,13921,2.32
ELPROINTL,ELPRO INTERNATIONAL LTD,1016,1.78
EMAMILTD,EMAMI LIMITED,4593010,18917.04
EMAMIPAP,EMAMI PAPER MILLS LIMITED,75,0.10
EMBDL,EMBASSY DEVELOPMENTS LTD,6066059,3909.45
EMCURE,EMCURE PHARMACEUTICALS L,128466,2299.81
EMIL,ELECTRONICS MART IND LTD,2088982,3340.11
EMKAY,EMKAY GLOBAL FIN SERV LTD,41384,119.71
EMMVEE,EMMVEE PHOTOVOLTAIC PWR L,4355230,14188.52
EMSLIMITED,EMS LIMITED,1415731,6218.04
EMUDHRA,EMUDHRA LIMITED,301663,1659.41
EMULTIMQ,EDELAMC - EMULTIMQ,18352,7.84
ENDURANCE,ENDURANCE TECHNO. LTD.,172321,4960.52
ENERGY,MIRAEAMC - ENERGY,462429,181.92
ENGINERSIN,ENGINEERS INDIA LTD,5024886,12037.40
ENIL,ENTERTAIN NET. IND. LTD.,71563,90.07
ENRIN,SIEMENS ENERGY INDIA LTD,743835,25304.84
ENTERO,ENTERO HEALTHCARE SOLU L,453543,6011.52
EPACK,EPACK DURABLE LIMITED,2683377,6835.87
EPACKPEB,EPACK PREFAB TECHN LTD,1317087,3248.14
EPIGRAL,EPIGRAL LIMITED,224966,2699.91
EPL,EPL LIMITED,5477681,13386.71
EQUAL200,MIRAEAMC - EQUAL200,5042,0.70
EQUAL50ADD,DSPAMC - DSPNEWETF,7589,25.23
EQUITASBNK,EQUITAS SMALL FIN BNK LTD,7267924,5176.12
ERIS,ERIS LIFESCIENCES LIMITED,150289,2131.31
ESABINDIA,ESAB INDIA LTD,15302,949.70
ESAFSFB,ESAF SMALL FINANCE BANK L,245159,78.89
ESCORTS,ESCORTS KUBOTA LIMITED,297174,9439.31
ESG,MIRAEAMC - MAESGETF,33442,14.24
ESILVER,EDELAMC - ESILVER,68906,141.31
ESSARSHPNG,ESSAR SHIPPING LTD,35359,8.03
ESSENTIA,INTEGRA ESSENTIA LIMITED,21584,0.42
ESTER,ESTER INDUSTRIES LTD,298754,320.02
ETERNAL,ETERNAL LIMITED,12825502,37627.97
ETHOSLTD,ETHOS LIMITED,66360,1905.47
EUREKAFORB,EUREKA FORBES LIMITED,286426,1374.18
EUROPRATIK,EURO PRATIK SALES LIMITED,509939,1480.53
EVEREADY,EVEREADY INDS. IND.  LTD.,619885,2280.96
EVERESTIND,EVEREST INDUSTRIES LTD,18,0.07
EVIETF,ICICIPRAMC - EVIETF,152345,50.60
EVINDIA,MIRAEAMC - EVINDIA,642010,213.01
EXCELINDUS,EXCEL INDUSTRIES LTD,28914,312.00
EXCELSOFT,EXCELSOFT TECHNOLOGIES L,1648704,1400.36
EXICOM,EXICOM TELE SYSTEMS LTD,1177555,1912.23
EXIDEIND,EXIDE INDUSTRIES LTD,4185227,18111.88
EXPLEOSOL,EXPLEO SOLUTIONS LIMITED,90801,823.16
FABTECH,FABTECH TECHNOLOGIES LTD,352964,619.70
FACT,FACT LTD,799147,7337.19
FAIRCHEMOR,FAIRCHEM ORGANICS LIMITED,753,5.70
FAZE3Q,FAZE THREE LIMITED,4648,26.31
FCL,FINEOTEX CHEMICAL LIMITED,12617752,5442.30
FDC,FDC LIMITED,724139,3014.18
FEDDERSHOL,FEDDERS HOLDING LTD.,642122,281.26
FEDERALBNK,FEDERAL BANK LTD,2519652,7841.38
FEDFINA,FEDBANK FINANCIAL SER L,4396740,6637.80
FERMENTA,FERMENTA BIOTECH LTD.,139090,665.43
FIEMIND,FIEM INDUSTRIES LIMITED,174049,3932.85
FILATEX,FILATEX INDIA LTD,3532400,2332.18
FINCABLES,FINOLEX CABLES LTD,1021828,12267.25
FINEORG,FINE ORGANIC IND. LTD.,36750,1874.69
FINIETF,ICICIPRAMC-ICICIFIN,699737,226.42
FINKURVE,FINKURVE FINANCIAL SERV L,20420,14.65
FINOPB,FINO PAYMENTS BANK LTD,1877345,3725.59
FINPIPE,FINOLEX INDUSTRIES LTD,3204249,6019.70
FIRSTCRY,BRAINBEES SOLUTIONS LTD,3801705,9167.47
FISCHER,FISCHER MEDICAL VENTURE L,7969390,3102.45
FIVESTAR,FIVE-STAR BUS FIN LTD,1112059,6062.52
FLAIR,FLAIR WRITING INDUST LTD,687325,1841.20
FLEXIADD,DSPAMC - FLEXIADD,65894,6.90
FLUOROCHEM,GUJARAT FLUOROCHEM LTD,372850,15166.93
FMCGADD,DSPAMC - FMCGADD,8228,4.05
FMCGIETF,ICICIPRAMC - ICICIFMCG,5633065,3032.31
FMGOETZE,FEDERAL-MOGUL GOETZE (IND,995583,5957.39
FOODSIN,FOODS & INNS LIMITED,147476,98.60
FORCEMOT,FORCE MOTORS LIMITED,177668,33601.99
FORTIS,FORTIS HEALTHCARE LTD,1438772,13691.55
FOSECOIND,FOSECO INDIA LTD,10853,668.43
FRACTAL,FRACTAL ANALYTICS LIMITED,656431,6025.05
FREDUN,FREDUN PHARMACEUTICALS L,2100,31.29
FRONTSP,FRONTIER SPRINGS LTD.,20175,280.76
FSL,FIRSTSOURCE SOLU. LTD.,2507573,7391.01
FUSION,FUSION FINANCE LIMITED,2220930,5387.38
GABRIEL,GABRIEL INDIA LTD,447344,6056.73
GAEL,GUJARAT AMBUJA EXPORTS LT,2165804,3736.78
GAIL,GAIL (INDIA) LTD,12182790,21526.55
GALAPREC,GALA PRECISION ENG LTD,62077,665.56
GALAXYSURF,GALAXY SURFACTANTS LTD,83261,1981.61
GALLANTT,GALLANTT ISPAT LIMITED,312094,2012.56
GANDHAR,GANDHAR OIL REFINE IND L,1273150,3102.43
GANDHITUBE,GANDHI SPL. TUBES LTD,7774,73.50
GANECOS,GANESHA ECOSPHERE LIMITED,321066,3564.83
GANESHBE,GANESH BENZOPLAST LIMITED,1082,1.50
GANESHCP,GANESH CONSUMER PRODUCT L,241895,458.54
GANESHHOU,GANESH HOUSING LIMITED,365992,3134.51
GARFIBRES,GARWARE TECH FIBRES LTD,110425,902.49
GARUDA,GARUDA CONSTRUCT N ENG L,2035471,3669.53
GATEWAY,GATEWAY DISTRIPARKS LTD,4502082,2723.86
GAUDIUMIVF,GAUDIUM IVF N WOMEN H L,2815,2.94
GCSL,GRETEX CORPORATE SERVICES,86,0.48
GEEKAYWIRE,GEEKAY WIRES LIMITED,23330,6.41
GEMAROMA,GEM AROMATICS LIMITED,83653,155.01
GENCON,GENERIC ENG CONS PROJ LTD,1,0.00
GENESYS,GENESYS INTL CORPN LTD,1150326,3867.70
GENUSPOWER,GENUS POWER INFRASTRU LTD,5575633,18035.61
GEOJITFSL,GEOJIT FINANCIAL SER L,1527405,1133.24
GESHIP,THE GE SHPG.LTD,1807299,25358.11
GFLLIMITED,GFL LIMITED,57375,28.08
GHCL,GHCL LIMITED,741704,3620.99
GHCLTEXTIL,GHCL TEXTILES LIMITED,1358391,1541.37
GICHSGFIN,GIC HOUSING FINANCE LTD,1399948,2342.28
GICRE,GENERAL INS CORP OF INDIA,3755013,13989.98
GILLETTE,GILLETTE INDIA LTD,66858,5442.83
GILT10BETA,UTIAMC-GILT10BETA,2571,0.68
GILT5BETA,UTIAMC-GILT5BETA,200,0.13
GILT5YBEES,RELCAPAMC - NETFGILT5Y,1322,0.85
GIPCL,GUJ IND POW CO. LTD,3666759,6546.36
GKENERGY,GK ENERGY LIMITED,1380680,1915.96
GKSL,GUJARAT KIDNEY N SUP SP L,1685745,2096.35
GLAND,GLAND PHARMA LIMITED,418970,10830.40
GLAXO,GLAXOSMITHKLINE PHARMA LT,59862,1635.35
GLENMARK,GLENMARK PHARMACEUTICALS,225183,5085.91
GLOBAL,GLOBAL EDUCATION LIMITED,33870,36.59
GLOBALVECT,GLOBAL VEC HELICORP LTD,5303,10.28
GLOBUSSPR,GLOBUS SPIRITS LTD,287243,2782.20
GLOSTERLTD,GLOSTER LIMITED,442,3.42
GLOTTIS,GLOTTIS LIMITED,2866,1.76
GMBREW,G M BREWERIES LTD,207483,2105.92
GMDCLTD,GUJARAT MINERAL DEV CORP,6458190,39875.56
GMMPFAUDLR,GMM PFAUDLER LIMITED,380239,3791.89
GMRAIRPORT,GMR AIRPORTS LIMITED,12955711,13179.54
GMRP&UI,GMR POW AND URBAN INFRA L,11264412,12208.26
GNA,GNA AXLES LIMITED,469764,2527.18
GNFC,GUJ NAR VAL FER & CHEM L,1715739,9439.40
GNRL,GUJARAT NATURAL RES L,3842,4.17
GOACARBON,GOA CARBON LIMITED,17356,76.56
GOCLCORP,GOCL CORPORATION LIMITED,366988,1437.67
GOCOLORS,GO FASHION INDIA LTD,548850,1976.21
GODAVARIB,GODAVARI BIOREFINERIES L,395458,1115.35
GODFRYPHLP,GODFREY PHILLIPS INDIA LT,992772,24229.79
GODIGIT,GO DIGIT GENERAL INS LTD,786250,2280.73
GODREJAGRO,GODREJ AGROVET LIMITED,679003,4397.75
GODREJCP,GODREJ CONSUMER PRODUCTS,1487710,14770.60
GODREJIND,GODREJ INDUSTRIES LTD,209338,2544.69
GODREJPROP,GODREJ PROPERTIES LTD,822896,17117.02
GOKEX,GOKALDAS EXPORTS LTD.,1411427,11128.72
GOKUL,GOKUL REFOILS & SOLV LTD,2701,1.22
GOKULAGRO,GOKUL AGRO RESOURCES LTD,977298,2240.39
GOLD1,KOTAK GOLD ETF,1375329,1743.20
GOLD360,360ONEAMC - GOLD360,220458,300.13
GOLDADD,DSPAMC - DSPGOLD,162598,25.07
GOLDAXIS,AXISAMC-GOLDAXIS,1932095,2227.45
GOLDBEES,NIP IND ETF GOLD BEES,36797270,45887.03
GOLDBETA,UTIAMC-UTIGOLDBETA,505621,563.61
GOLDBND,BANDHANAMC - GOLDBND,1034,1.60
GOLDCASE,ZERODHAAMC - GOLDCASE,4741544,1135.81
GOLDETF,MIRAEAMC - MAGOLDETF,1095182,1683.44
GOLDIAM,GOLDIAM INTERNATIONAL LTD,2584306,8789.86
GOLDIETF,ICICI PRUDENTIAL GOLD ETF,6720620,8815.88
GOODLUCK,GOODLUCK INDIA LIMITED,2116297,9222.49
GOODYEAR,GOODYEAR INDIA LIMITED,21299,181.35
GOPAL,GOPAL SNACKS LIMITED,882674,2761.24
GPIL,GODAWARI POW & ISP LTD,10878375,27601.20
GPPL,GUJARAT PIPAVAV PORT LTD,3818368,6517.44
GPTHEALTH,GPT HEALTHCARE LIMITED,152576,243.37
GPTINFRA,GPT INFRAPROJECTS LTD,336610,391.17
GRANULES,GRANULES INDIA LIMITED,1650895,12327.82
GRAPHITE,GRAPHITE INDIA LTD,1935991,13566.10
GRASIM,GRASIM INDUSTRIES LTD,1139809,33865.94
GRAUWEIL,GRAUER & WEIL IND LTD,487445,370.28
GRAVITA,GRAVITA INDIA LIMITED,579032,10068.52
GREAVESCOT,GREAVES COTTON LTD.,5650376,11626.54
GREENLAM,GREENLAM INDUSTRIES LTD.,256260,654.69
GREENPANEL,GREENPANEL INDUSTRIES LTD,613990,1262.29
GREENPLY,GREENPLY INDUSTRIES LTD,474338,1404.75
GREENPOWER,ORIENT GREEN POWER CO LTD,4659678,551.90
GRINDWELL,GRINDWELL NORTON LIMITED,53652,1044.64
GRINFRA,G R INFRAPROJECTS LIMITED,141565,1398.37
GRMOVER,GRM OVERSEAS LIMITED,3211645,3430.38
GROWW,BILLIONBRAINS GARAGE VN L,31555259,63085.60
GROWWCAPM,GROWWAMC - GROWWCAPM,593944,67.41
GROWWCHEM,GROWWAMC - GROWWCHEM,5917,1.74
GROWWDEFNC,GROWWAMC - GROWWDEFNC,512708,464.31
GROWWEV,GROWWAMC - GROWWEV,523276,174.86
GROWWGOLD,GROWWAMC - GROWWGOLD,3027110,447.65
GROWWHOSPI,GROWWAMC - GROWWHOSPI,88324,46.33
GROWWLIQID,GROWWAMC - GROWWLIQID,760,0.82
GROWWLOVOL,GROWWAMC - GROWWLOVOL,1000,0.10
GROWWMETAL,GROWWAMC - GROWWMETAL,193996,24.39
GROWWMOM50,GROWWAMC - GROWWMOM50,61019,6.64
GROWWN200,GROWWAMC - GROWWN200,44399,5.07
GROWWNET,GROWWAMC - GROWWNET,132063,14.08
GROWWNIFTY,GROWWAMC - GROWWNIFTY,478028,46.94
GROWWPOWER,GROWWAMC - GROWWPOWER,3853648,463.44
GROWWRAIL,GROWWAMC - GROWWRAIL,4389353,1406.81
GROWWRLTY,GROWWAMC - GROWWRLTY,58150,5.86
GROWWSC250,GROWWAMC - GROWWSC250,59944,6.31
GROWWSLVR,GROWWAMC - GROWWSLVR,5122604,1158.20
GRPLTD,GRP LIMITED,5961,116.29
GRSE,GARDEN REACH SHIP&ENG LTD,2213821,60279.10
GRWRHITECH,GARWARE HI-TECH FILMS LTD,119381,7445.50
GSEC10IETF,ICICIPRAMC - ICICI10GS,1550,4.11
GSEC10YEAR,MIRAEAMC - MAGS813ETF,1227,0.37
GSEC5IETF,ICICIPRAMC - ICICI5GSEC,3540,2.34
GSFC,GUJ STATE FERT & CHEM LTD,6563911,11881.99
GSPCROP,GSP CROP SCIENCE LIMITED,1825020,8405.20
GTL,GTL LTD,42101,3.35
GTLINFRA,GTL INFRA.LTD,5547894,77.45
GTPL,GTPL HATHWAY LIMITED,222961,142.63
GUFICBIO,GUFIC BIOSCIENCES LTD.,186288,699.34
GUJALKALI,GUJARAT ALKALIES & CHEM,229219,1524.01
GUJAPOLLO,GUJ. APOLLO IND. LTD.,8627,33.27
GUJENERGY,GUJARAT ENERGY LIMITED,1879852,5138.63
GUJTHEM,GUJARAT THEMIS BIOSYN LTD,1425371,5762.40
GULFOILLUB,GULF OIL LUB. IND. LTD.,185302,2157.06
GULFPETRO,GP PETROLEUMS LIMITED,11,0.00
GULPOLY,GULSHAN POLYOLS LIMITED,667198,1327.42
GVPIL,GE POWER INDIA LIMITED,207996,1633.66
GVT&D,GE VERNOVA T&D INDIA LTD,406476,18127.10
GYFTR,GYFTR LIMITED,10581,17.63
HAL,HINDUSTAN AERONAUTICS LTD,1177445,55466.04
HAPPSTMNDS,HAPPIEST MINDS TECHNO LTD,4462110,20013.41
HAPPYFORGE,HAPPY FORGINGS LIMITED,229062,3604.89
HARDWYN,HARDWYN INDIA LIMITED,3543865,367.25
HARIOMPIPE,HARIOM PIPE INDUSTRIES L,781661,3133.82
HARRMALAYA,HARRISON MALAYALAM LTD,3389,7.16
HARSHA,HARSHA ENGINEERS INT LTD,282703,1219.89
HATHWAY,HATHWAY CABLE & DATACOM,24254215,3346.70
HATSUN,HATSUN AGRO PRODUCT LTD.,68102,705.69
HAVELLS,HAVELLS INDIA LIMITED,854268,11669.51
HAWKINCOOK,HAWKINS COOKERS LTD,606,54.10
HBLENGINE,HBL ENGINEERING LTD,5208145,40350.67
HCC,HINDUSTAN CONSTRUCTION CO,99300813,22793.53
HCG,HEALTHCARE GLOB. ENT. LTD,201106,1360.41
HCL-INSYS,HCL INFOSYSTEMS LTD,44210,5.45
HCLTECH,HCL TECHNOLOGIES LTD,1329521,17939.35
HDBFS,HDB FINANCIAL SERVICES L,620174,4422.44
HDFCAMC,HDFC AMC LIMITED,739773,19618.46
HDFCBANK,HDFC BANK LTD,47980172,368835.16
HDFCBSE500,HDFCAMC - HDFCBSE500,43625,16.46
HDFCGOLD,HDFC GOLD ETF,3228186,4268.26
HDFCGROWTH,HDFCAMC - HDFCGROWTH,11816,14.31
HDFCLIFE,HDFC LIFE INS CO LTD,3563985,20823.64
HDFCLIQUID,HDFCAMC - HDFCLIQUID,244,2.62
HDFCLOWVOL,HDFCAMC - HDFCLOWVOL,42624,9.03
HDFCMID150,HDFCAMC - HDFCMID150,837548,185.26
HDFCMOMENT,HDFCAMC - HDFCMOMENT,267792,90.21
HDFCNEXT50,HDFCAMC - HDFCNEXT50,2666638,1970.44
HDFCNIF100,HDFCAMC - HDFCNIF100,32499,8.63
HDFCNIFBAN,HDFCAMC - HDFCNIFBAN,929482,541.70
HDFCNIFIT,HDFCAMC - HDFCNIFIT,379281,125.95
HDFCNIFTY,HDFCAMC - HDFCNIFTY,204078,559.79
HDFCPSUBK,HDFCAMC HDFCPSUBK,1109968,953.92
HDFCPVTBAN,HDFCAMC - HDFCPVTBAN,3645040,1032.39
HDFCQUAL,HDFCAMC - HDFCQUAL,14475,8.50
HDFCSENSEX,HDFCAMC - HDFCSENSEX,53225,46.69
HDFCSILVER,HDFCAMC - HDFCSILVER,6068444,14511.46
HDFCSML250,HDFCAMC - HDFCSML250,6482925,11474.23
HDFCVALUE,HDFCAMC - HDFCVALUE,2083,2.67
HEALTHADD,DSPAMC - HEALTHADD,82342,12.57
HEALTHAXIS,AXISAMC-HEALTHAXIS,464,0.71
HEALTHCARE,MIRAEAMC - HEALTHCARE,2768,0.56
HEALTHIETF,ICICIPRAMC - ICICIPHARM,95468,155.59
HEALTHX,HEALTH X PLATFORM LIMITED,10501,32.35
HEALTHY,BIRLASLAMC - HEALTHY,194561,31.52
HEG,HEG LTD,2202068,14094.27
HEIDELBERG,HEIDELBERGCEMENT (I) LTD,825335,1513.67
HEMIPROP,HEMISPHERE PROP IND LTD,3652198,5276.19
HERANBA,HERANBA INDUSTRIES LTD,152187,312.29
HERCULES,HERCULES INVESTMENTS LTD,50,0.10
HERITGFOOD,HERITAGE FOODS LTD,817233,3298.79
HEROMOTOCO,HERO MOTOCORP LIMITED,296715,16548.27
HESTERBIO,HESTER BIOSCIENCES LTD,14161,335.69
HEXT,HEXAWARE TECHNOLOGIES LTD,432480,2530.27
HFCL,HFCL LIMITED,36380942,50126.11
HGINFRA,H.G.INFRA ENGINEERING LTD,800324,5207.24
HGS,HINDUJA GLOBAL SOLS. LTD.,150365,701.52
HIKAL,HIKAL LIMITED,1654332,3952.84
HILINFRA,HIGHWAY INFRASTRUCTURE L,237515,117.99
HILTON,HILTON METAL FORGING LTD,198,0.05
HIMATSEIDE,HIMATSINGKA SEIDE LTD,5127987,4781.97
HINDALCO,HINDALCO  INDUSTRIES  LTD,4931203,50127.43
HINDCOMPOS,HINDUSTAN COMPOSITES LTD.,5759,26.78
HINDCOPPER,HINDUSTAN COPPER LTD,16623943,87670.71
HINDOILEXP,HINDUSTAN OIL EXPLORATION,4418770,7413.81
HINDPETRO,HINDUSTAN PETROLEUM CORP,15344030,60005.16
HINDUNILVR,HINDUSTAN UNILEVER LTD.,1600278,34581.15
HINDWAREAP,HINDWARE HME INOVATON LTD,2166513,5861.17
HINDZINC,HINDUSTAN ZINC LIMITED,7820580,47715.97
HIRECT,HIRECT LIMITED,171945,1923.39
HITECH,HI-TECH PIPES LIMITED,5762474,5333.09
HLEGLAS,HLE GLASCOAT LIMITED,351150,1355.74
HLVLTD,HLV LIMITED,254073,27.43
HMAAGRO,HMA AGRO INDUSTRIES LTD,1676165,401.38
HMVL,HINDUSTAN MEDIA VENT LTD,7289,6.37
HNDFDS,HINDUSTAN FOODS LIMITED,232387,1352.32
HNGSNGBEES,NIP IND ETF HANGSENG BEES,519180,2601.73
HOMEFIRST,HOME FIRST FIN CO IND LTD,203909,2382.11
HONASA,HONASA CONSUMER LIMITED,1288163,5887.23
HONAUT,HONEYWELL AUTOMATION IND,8080,3050.86
HONDAPOWER,HONDA I POWER PRODUCT LTD,17344,402.27
HORIZONIND,HORIZON INDUSTRIAL PRKS L,69423,38.59
HPAL,HP ADHESIVES LIMITED,96936,43.56
HPL,HPL ELECTRIC & POWER LTD,750510,2916.00
HSCL,HIMADRI SPECIALITY CHEM L,7918048,54156.64
HTMEDIA,HT MEDIA LIMITED,77537,20.86
HUBTOWN,HUBTOWN LIMITED,5748330,12426.23
HUDCO,HSG & URBAN DEV CORPN LTD,18035314,38231.37
HUHTAMAKI,HUHTAMAKI INDIA LIMITED,240260,650.36
HYBRIDETF,MIRAEAMC - HYBRIDETF,4510,0.45
HYUNDAI,HYUNDAI MOTOR INDIA LTD,407583,9207.23
IBULLSLTD,INDIABULLS LIMITED,205214,54.58
ICEMAKE,ICE MAKE REFRIGERAT LTD,41513,335.43
ICICIAMC,ICICI PRUDENTIAL AMC LTD,306313,9773.37
ICICIB22,ICICIPRAMC - BHARATIWIN,450593,535.12
ICICIBANK,ICICI BANK LTD.,2399632,33193.14
ICICIGI,ICICI LOMBARD GIC LIMITED,316029,5519.00
ICICIPRULI,ICICI PRU LIFE INS CO LTD,813566,4376.60
ICIL,INDO COUNT INDUSTRIES LTD,828940,3171.68
ICRA,ICRA LIMITED,89764,4651.06
IDBI,IDBI BANK LIMITED,20888528,18579.86
IDEA,VODAFONE IDEA LIMITED,705630407,91219.18
IDEAFORGE,IDEAFORGE TECHNO LTD,62912,493.41
IDFCFIRSTB,IDFC FIRST BANK LIMITED,35239979,27397.88
IDFNIFTYET,BANDHANAMC - IDFNIFTYET,2572,6.92
IEX,INDIAN ENERGY EXC LTD,10587558,14554.14
IFBAGRO,IFB AGRO INDUSTRIES LTD,1245,12.80
IFBIND,IFB INDUSTRIES LTD,325502,4541.70
IFCI,IFCI LTD,43676707,34938.83
IFGLEXPOR,IFGL REFRACTORIES LIMITED,77153,162.34
IGARASHI,IGARASHI MOTORS INDIA LTD,306418,1460.77
IGCL,INDOGULF CROPSCIENCES LTD,151427,146.11
IGIL,INTL GEMOLOGICAL INST LTD,811971,3068.97
IGL,INDRAPRASTHA GAS LTD,5614711,9586.06
IGPL,I G PETROCHEMICALS LTD,92485,467.45
IIFL,IIFL FINANCE LIMITED,4318774,25109.40
IIFLCAPS,IIFL CAPITAL SERVICES LTD,908827,2962.64
IITL,INDUSTRIAL INV TRUST LTD,400,0.65
IKIO,IKIO TECHNOLOGIES LIMITED,293500,625.85
IKS,INVENTURUS KNOWLEDGE SO L,513405,8117.65
IMAGICAA,IMAGICAAWORLD ENT LTD,1696836,966.99
IMFA,INDIAN METALS & FERRO,456941,6374.27
IMPAL,IND MOTOR PART & ACC LTD,1345,15.34
INA,INSOLATION ENERGY LIMITED,2022933,2341.14
INDBANK,INDBANK MERCH BANK,16768,6.10
INDGN,INDEGENE LIMITED,795401,4374.24
INDHOTEL,THE INDIAN HOTELS CO. LTD,2371012,17090.20
INDIACEM,THE INDIA CEMENTS LIMITED,515302,2121.51
INDIAGLYCO,INDIA GLYCOLS LTD,301547,3241.66
INDIAMART,INDIAMART INTERMESH LTD,418624,8342.99
INDIANB,INDIAN BANK,1309617,11497.96
INDIANHUME,INDIAN HUME PIPE CO. LTD.,130386,479.27
INDIASHLTR,INDIA SHELTER FIN CORP L,247204,1858.94
INDIGO,INTERGLOBE AVIATION LTD,525153,27232.71
INDIGOPNTS,INDIGO PAINTS LIMITED,147678,1661.69
INDIQUBE,INDIQUBE SPACES LIMITED,83294,155.21
INDNIPPON,INDIA NIPPON ELECT  LTD,51690,505.25
INDOAMIN,INDO AMINES LIMITED,11864,17.25
INDOBORAX,INDO BORAX & CHEMICAL LTD,266180,1139.18
INDOCO,INDOCO REMEDIES LTD.,255186,641.28
INDOFARM,INDO FARM EQUIPMENT LTD,498910,789.48
INDOMIM,INDO-MIM LIMITED,9670,83.49
INDORAMA,INDO RAMA SYNTHETICS LTD,666071,391.09
INDOSTAR,INDOSTAR CAPITAL FIN LTD,578337,1695.90
INDOTECH,INDO TECH TRANSFORM LTD.,290,10.51
INDOTHAI,INDO THAI SEC LTD,570359,909.08
INDOUS,INDO US BIOTECH LTD,1002,0.81
INDOWIND,INDOWIND ENERGY LTD,1745,0.17
INDRAMEDCO,INDRAPRASTHA MEDICAL CORP,1200333,5078.07
INDSWFTLAB,IND SWIFT LABORATORIES LT,1385391,3488.71
INDUSINDBK,INDUSIND BANK LIMITED,986630,9717.73
INDUSTOWER,INDUS TOWERS LIMITED,5507997,21093.90
INFOBEAN,INFOBEANS TECHNO. LTD.,758360,1319.06
INFRA,MIRAEAMC - INFRA,1103,0.13
INFRABEES,NIP IND ETF INFRA BEES,21387,205.54
INFRAIETF,ICICIPRAMC - ICICIINFRA,131846,127.31
INFY,INFOSYS LIMITED,8625210,106134.86
INGERRAND,INGERSOLL-RAND INDIA LTD,26120,1218.76
INNOVACAP,INNOVA CAPTAB LIMITED,104377,974.49
INNOVANA,INNOVANA THINKLABS LTD,144030,452.47
INNOVISION,INNOVISION LIMITED,63198,184.50
INOXGREEN,INOX GREEN ENERGY SER LTD,4868579,9002.30
INOXINDIA,INOX INDIA LIMITED,282362,5257.36
INOXWIND,INOX WIND LIMITED,47434051,44593.06
INSECTICID,INSECTICIDES (I) LTD,96063,677.62
INTELLECT,INTELLECT DESIGN ARENA,1315348,10123.67
INTENTECH,INTENSE TECHNOLOGIES LTD,157804,142.93
INTERARCH,INTERARCH BLDNG SOLTN LTD,245952,4608.95
INTERNET,MIRAEAMC - INTERNET,42386,5.66
INTLCONV,INTL CONVEYORS LIMITED,99053,94.36
INVENTURE,INVENTURE GRO & SEC LTD,52945,0.54
IOB,INDIAN OVERSEAS BANK,28793614,10888.97
IOC,INDIAN OIL CORP LTD,21165665,31095.81
IOLCP,IOL CHEM AND PHARMA LTD,4185043,5892.19
IONEXCHANG,ION EXCHANGE (INDIA) LTD,1187045,5055.38
IPCALAB,IPCA LABORATORIES LTD,151810,2797.47
IPL,INDIA PESTICIDES LIMITED,1057034,1797.20
IRB,IRB INFRA DEV LTD.,82441276,18533.01
IRCON,IRCON INTERNATIONAL LTD,14477126,24355.34
IRCTC,INDIAN RAIL TOUR CORP LTD,7078008,41702.51
IREDA,INDIAN RENEWABLE ENERGY,24606709,33998.62
IRFC,INDIAN RAILWAY FIN CORP L,62677091,67315.25
IRIS,IRIS REGTECH SOLUTION LTD,22887,58.50
IRISDOREME,IRIS CLOTHINGS LIMITED,339775,174.26
IRMENERGY,IRM ENERGY LIMITED,241211,759.31
ISGEC,ISGEC HEAVY ENG LTD,243416,2231.09
IT,KOTAKMAMC - KOTAKIT,652965,221.39
ITADD,DSPAMC - DSPIT,133491,41.06
ITAXIS,AXISAMC-ITAXIS,10191,36.46
ITBEES,NIP IND ETF IT,34380067,12007.99
ITC,ITC LTD,41223158,127285.11
ITCHOTELS,ITC HOTELS LIMITED,10551100,18871.27
ITDC,INDIA TOUR. DEV. CO. LTD.,322722,2284.97
ITETF,MIRAEAMC - ITETF,667944,227.18
ITI,ITI LTD,1780408,5357.28
ITIETF,ICICIPRAMC - ICICITECH,2192323,792.50
IVALUE,IVALUE INFOSOLUTIONS LTD,331925,953.01
IVC,IL&FS INVESTMENT MANAGERS,222323,24.15
IVZINGOLD,INVESCO INDIA GOLD ETF,9087,11.35
IXIGO,LE TRAVENUES TECHNOLOGY L,1956786,3864.36
IZMO,IZMO LIMITED,61202,624.58
J&KBANK,J & K BANK LTD.,6660502,9426.39
JAGRAN,JAGRAN PRAKASHAN LIMITED,1081382,740.98
JAGSNPHARM,JAGSONPAL PHARMACEUTICALS,200346,472.92
JAIBALAJI,JAI BALAJI INDUSTRIES LTD,414707,353.91
JAICORPLTD,JAI CORP LIMITED,1666845,2206.92
JAINREC,JAIN RESOURCE RECYCLING L,3760305,12884.58
JAMNAAUTO,JAMNA AUTO IND LTD,6485044,8080.84
JARO,JARO INS OF TEC MG N RE L,376581,1860.82
JASH,JASH ENGINEERING LIMITED,911725,4048.46
JAYAGROGN,JAYANT AGRO ORGANICS LTD,6503,16.52
JAYBARMARU,JAY BHARAT MARUTI LTD,190258,280.77
JAYKAY,JAYKAY ENTERPRISES LTD,304255,500.19
JAYNECOIND,JAYASWAL NECO INDUSTR LTD,9033171,8689.53
JAYSREETEA,JAYSHREE TEA & INDUSTRIES,53201,54.62
JBMA,JBM AUTO LIMITED,2729514,18300.21
JETFREIGHT,JET FREIGHT LOGISTICS LTD,16000,3.73
JGCHEM,J.G.CHEMICALS LIMITED,325893,1911.25
JINDALPHOT,JINDAL PHOTO LIMITED,2291,27.19
JINDALPOLY,JINDAL POLY FILMS LIMITED,81253,667.20
JINDALSAW,JINDAL SAW LIMITED,2949079,7531.28
JINDALSTEL,JINDAL STEEL LIMITED,720210,8526.90
JINDRILL,JINDAL DRILLING IND. LTD,648822,4109.14
JINDWORLD,JINDAL WORLDWIDE LTD,2290908,923.36
JIOFIN,JIO FIN SERVICES LTD,64250447,169318.39
JISLJALEQS,JAIN IRRIGATION SYSTEMS,19583377,7845.64
JITFINFRA,JITF INFRALOGISTICS LTD,401,1.82
JKCEMENT,JK CEMENT LIMITED,75923,4230.33
JKIL,JKUMAR INFR.LTD.,640456,3443.39
JKLAKSHMI,JK LAKSHMI CEMENT LTD,685421,4309.85
JKPAPER,JK PAPER LIMITED,893386,3527.21
JKTYRE,JK TYRE & INDUSTRIES LTD,2829908,11703.78
JLHL,JUPITER LIFE LINE HOSP L,300496,906.06
JMA,JULLUNDUR MOT AGENCY LTD,1200,1.12
JMFINANCIL,JM FINANCIAL LIMITED,13623618,18554.23
JNKINDIA,JNK INDIA LIMITED,631905,2938.65
JNPR,JUNIPER GREEN ENERGY LTD,10890,28.46
JPOLYINVST,JIND POL INV & FIN CO LTD,8155,87.93
JPPOWER,JAIPRAKASH POWER VEN. LTD,203643119,37844.61
JSFB,JANA SMALL FIN BANK LTD,1631351,8936.44
JSL,JINDAL STAINLESS LIMITED,839515,6269.06
JSLL,JEENA SIKHO LIFECARE LTD,1987043,12030.91
JSWCEMENT,JSW CEMENT LIMITED,3429405,4559.17
JSWDULUX,JSW DULUX LIMITED,52688,1679.40
JSWENERGY,JSW ENERGY LIMITED,3342867,18744.99
JSWHL,JSW HOLDINGS LIMITED,8048,1087.91
JSWINFRA,JSW INFRASTRUCTURE LTD,3685282,11795.14
JSWSTEEL,JSW STEEL LIMITED,1359941,17006.66
JTEKTINDIA,JTEKT INDIA LIMITED,794406,1143.07
JTLIND,JTL INDUSTRIES LIMITED,16569273,12549.86
JUBLCPL,JUBILANT AGRI N CON PRO L,13729,281.27
JUBLFOOD,JUBILANT FOODWORKS LTD,2295666,12101.84
JUBLINGREA,JUBILANT INGREVIA LIMITED,690616,4956.64
JUBLPHARMA,JUBILANT PHARMOVA LTD,337245,3431.49
JUNIORBEES,NIP IND ETF JUNIOR BEES,730970,5707.74
JUNIPER,JUNIPER HOTELS LIMITED,629579,1383.84
JUSTDIAL,JUSTDIAL LTD.,851716,6636.14
JWL,JUPITER WAGONS LIMITED,6557723,19498.47
JYOTHYLAB,JYOTHY LABS LIMITED,2151439,5172.04
JYOTICNC,JYOTI CNC AUTOMATION LTD,1345615,11914.37
JYOTISTRUC,JYOTI STRUCTURES LTD,31400647,3851.08
KABRAEXTRU,KABRA EXTRUSION TECHNIK L,127380,581.12
KAJARIACER,KAJARIA CERAMICS LTD,601322,7039.07
KALAMANDIR,SAI SILKS (KALAMANDIR) L,4400481,5015.68
KALPATARU,KALPATARU LIMITED,735695,2338.81
KALYANKJIL,KALYAN JEWELLERS IND LTD,6869818,38169.27
KAMAHOLD,KAMA HOLDINGS LTD.,1320,32.38
KAMATHOTEL,KAMAT HOTELS (I) LTD,59135,127.87
KAMDHENU,KAMDHENU LIMITED,274,0.06
KAMOPAINTS,KAMDHENU VENTURES LIMITED,155,0.01
KANPRPLA,KANPUR PLASTIPACK LIMITED,19788,53.66
KANSAINER,KANSAI NEROLAC PAINTS LTD,1046250,2305.17
KAPSTON,KAPSTON SERVICES LIMITED,45726,231.52
KARURVYSYA,KARUR VYSYA BANK LTD,1680823,5338.90
KAVDEFENCE,KAVVERI DFS & WIR TEC LTD,1000,0.57
KAYA,KAYA LIMITED,0,0.00
KAYNES,KAYNES TECHNOLOGY IND LTD,1576460,65420.89
KCP,KCP LTD,985625,1750.69
KCPSUGIND,KCP SUGAR IND CORP LTD.,6720,2.30
KDDL,KDDL LIMITED,82161,2871.30
KEC,KEC INTL. LIMITED,5693266,30555.78
KECL,KIRLOSKAR ELECTRIC CO LTD,89923,136.40
KEI,KEI INDUSTRIES LTD.,153907,8206.61
KELLTONTEC,KELLTON TECH SOL LTD,7566364,1308.85
KENNAMET,KENNAMETAL INDIA LIMITED,51031,1726.44
KERNEX,KERNEX MICROSYS(I) LTD,509990,9889.35
KFINTECH,KFIN TECHNOLOGIES LIMITED,2156172,21725.18
KHAICHEM,KHAITAN CHEM & FERT LTD,182084,103.51
KICL,KALYANI INVEST CO LTD,3949,213.45
KIMS,KRISHNA INST OF MED SCI L,2999162,23738.20
KINGFA,KINGFA SCI & TEC IND LTD.,24051,1410.84
KIOCL,KIOCL LIMITED,212474,857.35
KIRIINDUS,KIRI INDUSTRIES LIMITED,2242590,11350.06
KIRLFER,KIRLOSKAR FERROUS IND LTD,148050,706.01
KIRLOSBROS,KIRLOSKAR BROTHERS LTD,188792,3715.81
KIRLOSENG,KIRLOSKAR OIL ENG LTD,301479,6457.86
KIRLOSIND,KIRLOSKAR INDUSTRIES LTD,25121,987.60
KIRLPNU,KIRLOSKAR PNEUMATIC COM L,402877,3389.86
KISSHT,ONEMI TECHNOLOGY SOL LTD,1148843,3500.72
KITEX,KITEX GARMENTS LTD,1637072,2604.13
KKCL,KEWAL KIRAN CLOTHING LTD,282679,1443.01
KLBRENG-B,KILBURN ENGINEERING LTD.,619161,2471.68
KMCSHIL,K M C SPECIALITY HOSP I L,750,1.05
KMEW,KNOWLEDGE MARINE & EN W L,114286,2699.18
KMSUGAR,K M SUGAR MILLS LTD,31712,9.91
KNACK,KNACK PACKAGING LIMITED,749266,1536.74
KNAGRI,KN AGRI RESOURCES LIMITED,8400,18.22
KNRCON,KNR CONSTRU LTD.,9035029,13482.32
KOHINOOR,KOHINOOR FOODS LIMITED,4255,1.42
KOKUYOCMLN,KOKUYO CAMLIN LIMITED,117913,120.23
KOLTEPATIL,KOLTE PATIL DEV. LTD.,332126,1563.39
KOPRAN,KOPRAN LTD,22470,47.11
KOTAKBANK,KOTAK MAHINDRA BANK LTD,2094692,8466.91
KOTHARIPET,KOTHARI PETROCHEM LTD,159971,229.78
KOTYARK,KOTYARK INDUSTRIES LTD,3051678,1170.05
KOVAI,KOVAI MEDICAL CENTER & HO,4013,240.09
KPEL,K.P. ENERGY LIMITED,1289553,4126.31
KPIGREEN,KPI GREEN ENERGY LIMITED,4402921,17642.06
KPIL,KALPATARU PROJECT INT LTD,213921,2912.59
KPITTECH,KPIT TECHNOLOGIES LIMITED,3951066,28671.17
KPL,KWALITY PHARMACEUTICALS L,80021,2409.34
KPRMILL,KPR MILL LTD.,358321,4053.82
KRBL,KRBL LIMITED,1977084,7670.41
KRISHANA,KRISHANA PHOSCHEM LIMITED,1666144,2856.28
KRISHIVAL,KRISHIVAL FOODS LIMITED,22699,88.44
KRISHNADEF,KRISHNA DEF AND ALD IND L,191411,2157.56
KRN,KRN HEAT EXCHANGE N REF L,74572,1130.05
KRONOX,KRONOX LAB SCIENCES LTD,25663,49.29
KROSS,KROSS LIMITED,508301,1075.57
KRSNAA,KRSNAA DIAGNOSTICS LTD,167973,1038.02
KRYSTAL,KRYSTAL INTEGRATED SER L,45143,288.67
KSB,KSB LIMITED,341920,2845.84
KSCL,KAVERI SEED CO. LTD.,810697,7291.13
KSHINTL,KSH INTERNATIONAL LIMITED,357665,3194.20
KSL,KALYANI STEELS LIMITED,223132,1932.28
KSOLVES,KSOLVES INDIA LIMITED,80690,237.32
KTKBANK,KARNATAKA BANK LIMITED,22663732,56265.66
KUANTUM,KUANTUM PAPERS LIMITED,493367,479.86
KUSUMGAR,KUSUMGAR LIMITED,3135,17.94
KWIL,KWALITY WALL'S (INDIA) L,14352023,5699.89
LALITHAA,LALITHAA JEWELLERY MART L,133973,367.23
LALPATHLAB,DR. LAL PATH LABS LTD.,86833,1617.35
LANDMARK,LANDMARK CARS LIMITED,500823,2609.27
LAOPALA,LA OPALA RG LIMITED,556445,1121.36
LASERPOWER,LASER POWER & INFRA LTD,5818,18.16
LATENTVIEW,LATENT VIEW ANALYTICS LTD,2288699,7405.67
LAURUSLABS,LAURUS LABS LIMITED,5020228,66858.87
LAXMIDENTL,LAXMI DENTAL LIMITED,418328,977.84
LAXMIINDIA,LAXMI INDIA FINANCE LTD,25141,33.54
LCL,LOHIA CORP LIMITED,10813,58.86
LEAPIND,LEAP INDIA LIMITED,570984,913.68
LEMONTREE,LEMON TREE HOTELS LTD,14840856,18155.44
LENSKART,LENSKART SOLUTIONS LTD,1739635,10183.97
LGBBROSLTD,LG BALAKRISHNAN & BROS,82132,1390.60
LGEINDIA,LG ELECTRONICS INDIA LTD,341765,5508.14
LGHL,LAXMI GOLDORNA HOUSE LTD,731,2.05
LIBERTSHOE,LIBERTY SHOES LTD,45938,120.13
LICHSGFIN,LIC HOUSING FINANCE LTD,3964440,21873.71
LICI,LIFE INSURA CORP OF INDIA,7647847,32294.64
LICMFGOLD,LIC MF - LIC GOLD ETF,1156384,1187.92
LICNETFGSC,LICNAMC - LICNMFET,22638,6.64
LICNETFN50,LICNAMC - LICNFENGP,823,2.27
LICNMID100,LICNAMC - LICNMID100,636,0.38
LIKHITHA,LIKHITHA INFRASTRUC LTD,12170,29.63
LINC,LINC LIMITED,41210,53.35
LINCOLN,LINCOLN PHARMA LTD,172694,1135.69
LINDEINDIA,LINDE INDIA LIMITED,148953,10479.72
LIQGRWBEES,NIPPONAMC - LIQGRWBEES,70,0.74
LIQUID,MIRAEAMC - LIQUID,222,2.22
LIQUID1,KOTAKMAMC - KOTAKLIQ,2369,26.53
LIQUIDADD,DSPAMC - LIQUIDADD,321,3.57
LIQUIDBEES,NIP IND ETF LIQUID BEES,16918,169.21
LIQUIDBETF,BFAM - LIQUIDBETF,55,0.60
LIQUIDCASE,ZERODHAAMC - LIQUIDCASE,346215,400.01
LIQUIDETF,DSP LIQUID ETF,125,1.25
LIQUIDIETF,ICICIPRAMC - ICICILIQ,32,0.32
LIQUIDPLUS,MIRAEAMC - LIQUIDPLUS,1747,19.24
LIQUIDSBI,SBIAMC - LIQUIDSBI,129,1.29
LIQUIDSHRI,SHRIRAM - LIQUIDSHRI,11,0.12
LLOYDSENGG,LLOYDS ENGG WORK LIMITED,20065593,14732.57
LLOYDSENT,LLOYDS ENTERPRISES LTD,36583059,25157.20
LLOYDSME,LLOYDS METALS N ENERGY L,4202629,62150.32
LMW,LMW LIMITED,31548,5263.84
LODHA,LODHA DEVELOPERS LIMITED,1093672,13268.19
LOKESHMACH,LOKESH MACHINES LTD,522,1.42
LORDSCHLO,LORDS CHLORO ALKALI LTD,2930,4.14
LOTUSDEV,SRI LOTUS DEVLPRS N RTY L,571480,833.42
LOWVOL1,KOTAKMAMC - KOTAKLOVOL,56069,11.64
LOWVOLIETF,ICICI PR NIF LW VL 30 ETF,617511,135.54
LT,LARSEN & TOUBRO LTD.,2155711,85481.48
LTF,L&T FINANCE LIMITED,4676349,13904.42
LTFOODS,LT FOODS LIMITED,1364195,6083.63
LTGILTBEES,NIP IND ETF LONGTERM GILT,27576,8.07
LTGILTCASE,ZERODHAAMC - LTGILTCASE,4325,1.31
LTM,LTM LIMITED,198360,9625.10
LTTS,L&T TECHNOLOGY SER. LTD.,195256,7465.45
LUMAXIND,LUMAX INDUSTRIES LTD,21049,1269.92
LUMAXTECH,LUMAX AUTO TECH LTD,246120,4425.37
LUPIN,LUPIN LIMITED,693496,15925.98
LUXIND,LUX INDUSTRIES LIMITED,363203,5113.23
LXCHEM,LAXMI ORGANIC INDUS LTD,3934405,7351.97
LYKALABS,LYKA LABS LTD,2,0.00
M&M,MAHINDRA & MAHINDRA LTD,1861298,62244.22
M&MFIN,M&M FIN. SERVICES LTD,2641838,9333.29
MAANALU,MAAN ALUMINIUM LIMITED,92387,137.68
MACPOWER,MACPOWER CNC MACHINES LTD,21273,349.79
MADRASFERT,MADRAS FERTILISERS LTD,290587,241.32
MAFANG,MIRAEAMC - MAFANG,334818,646.10
MAFATIND,MAFATLAL INDUSTRIES LTD.,18226,23.76
MAGADSUGAR,MAGADH SUGAR & ENERGY LTD,99999,552.55
MAHABANK,BANK OF MAHARASHTRA,22715591,17753.28
MAHEPC,MAHINDRA EPC IRRIG LTD,22681,30.33
MAHKTECH,MIRAEAMC - MAHKTECH,1720825,429.51
MAHLIFE,MAHINDRA LIFESPACE DEVLTD,1087211,4596.88
MAHLOG,MAHINDRA LOGISTIC LIMITED,459516,1779.35
MAHSCOOTER,MAHARASHTRA SCOOTERS LTD,11439,1571.80
MAHSEAMLES,MAHARASHTRA SEAMLESS LTD,531222,3426.47
MAITHANALL,MAITHAN ALLOYS LTD,252188,2687.50
MAKEINDIA,MIRAEAMC - MAMFGETF,105561,174.10
MALLCOM,MALLCOM (INDIA) LIMITED,2175,24.74
MAMATA,MAMATA MACHINERY LIMITED,200021,883.35
MANAKALUCO,MANAK ALUMINIUM CO. LTD.,10614,4.73
MANAKCOAT,MAN COAT METAL & IND LTD,1380067,1669.95
MANAKSIA,MANAKSIA LTD.,11362,10.21
MANALIPETC,MANALI PETROCHEMICALS LT,1204447,959.76
MANAPPURAM,MANAPPURAM FINANCE LTD,4601388,15273.81
MANBA,MANBA FINANCE LIMITED,112214,151.21
MANCREDIT,MANGAL CREDIT N FINCORP L,152293,360.51
MANGLMCEM,MANGALAM CEMENT LTD,2141144,18555.47
MANINDS,MAN INDUSTRIES (I) LTD.,1870227,10810.63
MANINFRA,MAN INFRA LTD,5360875,6388.68
MANIPALHOS,MANIPAL HEALTH ENTERPRI L,8656,65.38
MANKIND,MANKIND PHARMA LIMITED,357128,8849.45
MANOMAY,MANOMAY TEX INDIA LTD,4200,9.05
MANORAMA,MANORAMA INDUSTRIES LTD,491243,7941.75
MANORG,MANGALAM ORGANICS LIMITED,1031,5.24
MANUFGBEES,NIPPONAMC - MANUFGBEES,1217,1.82
MANYAVAR,VEDANT FASHIONS LIMITED,624758,3480.08
MAPMYINDIA,C.E. INFO SYSTEMS LIMITED,568981,6384.41
MARATHON,MARATHON NXTGEN REALT LTD,1263502,6771.61
MARICO,MARICO LIMITED,523131,4431.80
MARINE,MARINE ELECTRICAL (I) LTD,854601,2816.76
MARKOLINES,MARKOLINES PAVEMENT TEC L,193667,335.91
MARKSANS,MARKSANS PHARMA LIMITED,4732557,11947.08
MARSONS,MARSONS LIMITED,3569192,4317.35
MARUTI,MARUTI SUZUKI INDIA LTD.,439580,61180.46
MASFIN,MAS FINANCIAL SERV LTD,453586,1427.07
MASPTOP50,MIRAEAMC - MASPTOP50,272765,211.19
MASTEK,MASTEK LTD,283288,5847.69
MASTERTR,MASTER TRUST LIMITED,1097614,1163.63
MATRIMONY,MATRIMONY.COM LIMITED,113427,567.52
MAWANASUG,MAWANA SUGARS LIMITED,64829,96.20
MAXESTATES,MAX ESTATES LIMITED,364710,1839.10
MAXHEALTH,MAX HEALTHCARE INS LTD,1227450,13048.96
MAXIND,MAX INDIA LIMITED,87619,151.87
MAYURUNIQ,MAYUR UNIQUOTERS LTD,246086,1817.12
MAZDA,MAZDA LIMITED,4036,10.96
MAZDOCK,MAZAGON DOCK SHIPBUIL LTD,3091206,83922.11
MBAPL,MADHYA BHARAT AGRO P. LTD,1141771,1662.37
MBEL,M AND B ENGINEERING LTD,569590,1774.73
MCLEODRUSS,MCLEOD RUSSEL INDIA LTD.,12450,6.25
MCLOUD,MAGELLANIC CLOUD LIMITED,15190675,4476.69
MCX,MULTI COMMODITY EXCHANGE,1426268,42511.63
MEDANTA,GLOBAL HEALTH LIMITED,165914,2323.68
MEDIASSIST,MEDI ASSIST HEALTH SER L,397013,1581.87
MEDICAMEQ,MEDICAMEN BIOTECH LIMITED,14688,63.85
MEDICO,MEDICO REMEDIES LIMITED,237718,113.38
MEDPLUS,MEDPLUS HEALTH SERV LTD,285252,2256.46
MEESHO,MEESHO LIMITED,4738756,9328.61
MEIL,MANGAL ELECTRICAL IND L,84388,245.60
MENNPIS,MENON PISTONS LTD.,45,0.03
MENONBE,MENON BEARINGS LIMITED,12,0.01
MERCURYEV,MERCURY EV-TECH LIMITED,140150,53.36
METAL,MIRAEAMC - METAL,4021900,516.16
METALIETF,ICICIPRAMC - METALIETF,12313546,1557.72
METROBRAND,METRO BRANDS LIMITED,104003,1074.83
METROPOLIS,METROPOLIS HEALTHCARE LTD,211500,1192.06
MFSL,MAX FINANCIAL SERV LTD,233256,3749.53
MGEL,MANGALAM GLOBAL ENT LTD,1019,0.15
MGL,MAHANAGAR GAS LTD.,466524,5624.63
MHRIL,MAHINDRA HOLIDAYS LTD,628761,1615.57
MICEL,MIC ELECTRONICS LTD,5550,2.57
MID150,KOTAKMAMC - MID150,11956,2.59
MID150BEES,NIP IND ETF MIDCAP 150,993073,2298.00
MID150CASE,ZERODHAAMC - MID150CASE,1761086,199.77
MIDCAP,KOTAKMAMC - KOTAKMID50,766281,135.63
MIDCAPADD,DSPAMC - MIDCAPADD,5038,1.16
MIDCAPBETA,UTIAMC-MIDCAPBETA,42786,96.50
MIDCAPETF,MIRAEAMC - MAM150ETF,4832489,1092.76
MIDCAPIETF,ICICIPRAMC - ICICIM150,2020973,468.41
MIDHANI,MISHRA DHATU NIGAM LTD,2526481,10515.48
MIDQ50ADD,DSPAMC - DSPQ50ETF,31259,7.80
MIDSELIETF,ICICI PRUD MIDCAP SEL ETF,325378,61.33
MIDSMALL,MIRAEAMC - MIDSMALL,485363,245.03
MIDWESTLTD,MIDWEST LIMITED,78566,1038.60
MIIL,MEGHNA INFRACON INFRA L,210,1.52
MINDACORP,MINDA CORPORATION LTD,519165,3569.36
MINDTECK,MINDTECK (INDIA) LIMITED,81722,171.69
MIRZAINT,MIRZA INTERNATIONAL LIMIT,140008,51.51
MMFL,MM FORGINGS LTD,217148,1291.14
MMP,MMP INDUSTRIES LIMITED,99214,312.53
MMTC,MMTC LIMITED,7140937,4974.18
MNC,KOTAKMAMC - KOTAKMNC,315351,103.82
MOALPHA50,MOTILALAMC - MOALPHA50,1298,0.69
MOBANK10,MOTILALAMC - MOBANK10,3,0.00
MOBIKWIK,ONE MOBIKWIK SYSTEMS LTD,3340753,7386.98
MOCAPITAL,MOTILALAMC - MOCAPITAL,2446403,1324.24
MODEFENCE,MOTILALAMC - MODEFENCE,3510671,3509.02
MODIS,MODIS NAVNIRMAN LTD,354325,1310.20
MODISONLTD,MODISON LIMITED,739,3.66
MOENERGY,MOTILALAMC - MOENERGY,258773,102.41
MOGOLD,MOTILALAMC - MOGOLD,22089,33.70
MOGSEC,MOTILALAMC - G5,1039,0.67
MOHEALTH,MOTILALAMC - MOHEALTH,161855,79.29
MOIL,MOIL LIMITED,4656151,14471.33
MOKSH,MOKSH ORNAMENTS LIMITED,1662165,224.02
MOL,MEGHMANI ORGANICS LIMITED,4156027,2722.52
MOLDTECH,MOLD-TEK TECHNOLOGIES LTD,2550,6.68
MOLDTKPAC,MOLD-TEK PACKAGING LTD,208947,1475.09
MOLOWVOL,MOTILALAMC - MOLOWVOL,21521,7.95
MOM100,MOTILAL OS MIDCAP100 ETF,989693,642.80
MOM30IETF,ICICIPRAMC - ICICIMOM30,1780250,578.90
MOM50,MOTILAL OSWAL M50 ETF,5590,14.26
MOMENTUM,BIRLASLAMC - MOMENTUM,63384,19.32
MOMENTUM30,KOTAKMAMC - MOMENTUM30,3196,0.98
MOMENTUM50,MOTILALAMC - MOMENTUM50,1166003,599.15
MOMIDMTM,MOTILALAMC - MOMIDMTM,42140,26.26
MOMMIDCAP,MIRAEAMC - MOMMIDCAP,790,0.10
MOMOMENTUM,MOTILALAMC - MOMOMENTUM,185345,128.42
MON100,MOTILAL OS NASDAQ100 ETF,632260,1866.63
MON50EQUAL,MOTILALAMC - MON50EQUAL,326,0.11
MONARCH,MONARCH NETWORTH CAP LTD,588898,2156.80
MONEXT50,MOTILALAMC - MONEXT50,1159,0.78
MONEYBOXX,MONEYBOXX FINANCE LIMITED,20862,12.23
MONIFTY100,MOTILALAMC - MONIFTY100,1060,0.27
MONIFTY500,MOTILALAMC - MONIFTY500,561641,132.77
MONQ50,MOTILALAMC - MONQ50,253935,315.05
MONTECARLO,MONTE CARLO FASHIONS LTD.,99658,568.69
MOQUALITY,MOTILALAMC - MOQUALITY,126,0.25
MOREALTY,MOTILALAMC - MOREALTY,1358971,1211.57
MOREPENLAB,MOREPEN LAB. LTD,16589771,13380.46
MOSCHIP,MOSCHIP TECHNOLOGIES LTD,4984952,11294.41
MOSILVER,MOTILALAMC - MOSILVER,47289,120.92
MOSMALL250,MOTILALAMC - MOSMALL250,9486752,1722.74
MOTHERSON,SAMVRDHNA MTHRSN INTL LTD,9783968,14471.84
MOTILALOFS,MOTILAL OSWAL FIN LTD,2056892,17438.19
MOTISONS,MOTISONS JEWELLERS LTD,58346841,8894.26
MOTOUR,MOTILALAMC - MOTOUR,49497,39.24
MOVALUE,MOTILALAMC - MOVALUE,221935,258.53
MPHASIS,MPHASIS LIMITED,192237,4886.52
MPSLTD,MPS LIMITED,59681,1476.33
MRF,MRF LTD,5590,7625.47
MRPL,MRPL,10858671,19045.51
MSCIADD,DSPAMC - MSCIADD,0,0.00
MSCIINDIA,KOTAKMAMC - MSCIINDIA,924588,281.97
MSPL,MSP STEEL & POWER LTD.,3168171,1126.40
MSTCLTD,MSTC LIMITED,806140,4984.62
MSUMI,MOTHERSON SUMI WRNG IND L,20327635,8231.75
MTARTECH,MTAR TECHNOLOGIES LIMITED,3785,268.62
MTNL,MAHANAGAR TELEPHONE NIGAM,5998129,2274.81
MUFIN,MUFIN GREEN FINANCE LTD,7585894,9322.24
MUFTI,CREDO BRANDS MARKETING L,305727,285.73
MUKANDLTD,MUKAND LTD.,420218,592.28
MUKKA,MUKKA PROTEINS LIMITED,2298529,560.52
MULTICAP,MIRAEAMC - MULTICAP,227376,37.30
MUNJALAU,MUNJAL AUTO IND. LTD.,596130,684.37
MUNJALSHOW,MUNJAL SHOWA LTD,112901,160.84
MUTHOOTCAP,MUTHOOT CAP SERV LTD,16875,47.48
MUTHOOTFIN,MUTHOOT FINANCE LIMITED,760513,24296.27
MUTHOOTMF,MUTHOOT MICROFIN LIMITED,1167268,2460.16
MVELECTRO,MV ELECTROSYSTEMS LIMITED,35934,264.18
MVGJL,MANOJ VAIBHAV GEM N JEW L,134091,254.40
MWL,MANGALAM WORLDWIDE LTD,5711063,1797.58
NACLIND,NACL INDUSTRIES LIMITED,1331552,2553.81
NAHARCAP,NAHAR CAP & FIN.,25,0.06
NAHARINDUS,NAHAR INDS ENT LTD,11240,14.85
NAHARPOLY,NAHAR POLY FILMS LIMITED,5772,15.31
NAM-INDIA,NIPPON L I A M LTD,510368,5776.11
NARMADA,NARMADA AGROBASE LIMITED,10601,2.00
NATCOPHARM,NATCO PHARMA LTD.,1763738,17587.67
NATHBIOGEN,NATH BIO-GENES (I) LTD,2201,3.30
NATIONALUM,NATIONAL ALUMINIUM CO LTD,7374123,27364.46
NAUKRI,INFO EDGE (I) LTD,485839,6260.57
NAVA,NAVA LIMITED,2599802,15914.93
NAVINFLUOR,NAVIN FLUORINE INT. LTD,71822,5447.86
NAVKARCORP,NAVKAR CORPORATION LTD.,2152461,2350.66
NAVNETEDUL,NAVNEET EDUCATION LTD,889311,1285.40
NAZARA,NAZARA TECHNOLOGIES LTD,22425663,67822.59
NBCC,NBCC (INDIA) LIMITED,35054167,35202.20
NCC,NCC LIMITED,14776049,25568.66
NCLIND,NCL INDUSTRIES LIMITED,350259,646.96
NDL,NANDAN DENIM LIMITED,356148,10.17
NDRAUTO,NDR AUTO COMPONENTS LTD,60037,490.75
NDTV,NDTV LTD,257864,205.48
NECLIFE,NECTAR LIFESCIENCES LTD.,8158,0.92
NELCAST,NELCAST LIMITED,520443,664.84
NELCO,NELCO LTD,399443,3750.51
NEOGEN,NEOGEN CHEMICALS LIMITED,607585,9940.45
NEPHROPLUS,NEPHROCARE HEALTH SERV L,274436,1883.81
NESCO,NESCO LTD.,185996,2128.79
NESTLEIND,NESTLE INDIA LIMITED,337295,4786.81
NETF,TATAAML - NETF,698,1.86
NETWEB,NETWEB TECH INDIA LTD,822398,40496.32
NETWORK18,NETWORK18 MEDIA & INV LTD,30549724,11360.85
NEULANDLAB,NEULAND LAB LTD.,44627,8534.32
NEWGEN,NEWGEN SOFTWARE TECH LTD,2274697,13740.32
NEXT30ADD,DSPAMC - NEXT30ADD,5839,2.30
NEXT50,MIRAEAMC - MANXT50,37344,278.57
NEXT50ADD,DSPAMC - NEXT50ADD,50,0.04
NEXT50BETA,UTIAMC-NEXT50BETA,865428,678.94
NEXT50ETF,KOTAKMAMC - NEXT50ETF,13993,10.46
NEXT50IETF,ICICIPRAMC - ICICINXT50,2543001,1936.37
NFL,NATIONAL FERT. LTD,9002613,7816.98
NGLFINE,NGL FINE CHEM LIMITED,9425,279.39
NH,NARAYANA HRUDAYALAYA LTD.,367312,6962.92
NHPC,NHPC LTD,30962526,26108.63
NIACL,THE NEW INDIA ASSU CO LTD,4024617,7989.23
NIBE,NIBE LIMITED,216370,2835.60
NIF100BEES,NIP IND ETF NIFTY 100,521754,1409.25
NIF100IETF,ICICI PRUD NIFTY 100 ETF,112630,32.06
NIFTY1,KOTAK NIFTY ETF,155274,417.85
NIFTY100EW,KOTAKMAMC - NIFTY100EW,51740,17.76
NIFTYADD,DSPAMC - DSPNIFTY,5625,13.89
NIFTYAXIS,AXISAMC-NIFTYAXIS,15657,41.76
NIFTYBEES,NIP IND ETF NIFTY BEES,10245829,28340.24
NIFTYBETA,UTIAMC-NIFTYBETA,20558,54.82
NIFTYBETF,BFAM - NIFTYBETF,2500,6.19
NIFTYCASE,ZERODHAAMC - NIFTYCASE,577797,55.79
NIFTYETF,MIRAEAMC - MAN50ETF,296489,784.85
NIFTYIETF,ICICI PRUD NIFTY ETF,831049,2265.88
NIFTYQLITY,BIRLASLAMC - NIFTYQLITY,38870,8.45
NIITLTD,NIIT LIMITED,1211938,1379.20
NIITMTS,NIIT LEARNING SYSTEMS LTD,489449,1220.29
NILAINFRA,NILA INFRASTRUCTURES LTD,587634,41.14
NILASPACES,NILA SPACES LIMITED,181758,24.57
NILE,NILE LTD.,2634,45.57
NILKAMAL,NILKAMAL LIMITED,33299,589.44
NIPPOBATRY,INDO-NATIONAL LIMITED,1400,4.86
NIRLON,NIRLON LTD,4208,27.14
NITCO,NITCO LIMITED,2152530,2186.46
NITINSPIN,NITIN SPINNERS LIMITED,168218,928.36
NITTAGELA,NITTA GELATIN INDIA LTD.,4832,84.45
NIVABUPA,NIVA BUPA HEALTH INS CO L,2595442,2220.01
NLCINDIA,NLC INDIA LIMITED,8790576,26290.64
NMDC,NMDC LTD.,32188669,27633.54
NOCIL,NOCIL LIMITED,3000515,5586.77
NORTHARC,NORTHERN ARC CAPITAL LTD,3822660,11054.30
NOVAAGRI,NOVA AGRITECH LIMITED,24,0.01
NOVARTIND,NOVARTIS INDIA LIMITED,19092,302.53
NPST,NETWORK PEOPLE SRV TECH L,121388,1919.28
NRAIL,N R AGARWAL INDS LTD,2254,11.51
NRBBEARING,NRB BEARING LIMITED,808644,3514.34
NRL,NUPUR RECYCLERS LIMITED,2,0.00
NSIL,NALWA SONS INVESTMENT LTD,4541,277.09
NSLNISP,NMDC STEEL LIMITED,21997346,10157.62
NTPC,NTPC LTD,9316049,33267.95
NTPCGREEN,NTPC GREEN ENERGY LIMITED,13899804,13920.57
NUCLEUS,NUCLEUS SOFTWARE EXPORTS,94263,775.08
NUVAMA,NUVAMA WEALTH MANAGE LTD,439348,7588.68
NUVOCO,NUVOCO VISTAS CORP LTD,1719929,6059.58
NV20,KOTAKMAMC - KTKNV20ETF,27584,4.15
NV20BEES,NIP IND ETF ETF NV20,52160,74.72
NV20IETF,ICICI PRUDENTIAL NV20 ETF,689816,97.54
NYKAA,FSN E COMMERCE VENTURES,2002146,6366.75
OAL,ORIENTAL AROMATICS LTD,36724,147.72
OBEROIRLTY,OBEROI REALTY LIMITED,306872,5690.93
OCCLLTD,OCCL LIMITED,794,1.02
OFSS,ORACLE FIN SERV SOFT LTD.,89067,9774.72
OIL,OIL INDIA LTD,1282702,6264.86
OILCOUNTUB,OIL COUNTRY TUBULAR LTD,44,0.02
OILIETF,ICICIPRAMC - OILIETF,14168261,1654.83
OLAELEC,OLA ELECTRIC MOBILITY LTD,45246924,18192.97
OLECTRA,OLECTRA GREENTECH LIMITED,2643287,35773.96
OMAXAUTO,OMAX AUTOS LTD,2360,4.79
OMAXE,OMAXE LIMITED,1444267,1550.92
OMFREIGHT,OM FREIGHT FORWARDERS LTD,703,0.76
OMINFRAL,OM INFRA LIMITED,452197,470.34
OMNI,OMNITECH ENGINEERING LTD,664326,3609.13
OMPOWER,OM POWER TRANSMISSION LTD,326306,566.99
ONEPOINT,ONE POINT ONE SOL LTD,14819879,7884.11
ONESOURCE,ONESOURCE SPECL PHARMA L,262577,4288.98
ONGC,OIL AND NATURAL GAS CORP.,17176849,44394.59
ONIDA,ONIDA ELECTRONICS LIMITED,282312,101.77
ONMOBILE,ONMOBILE GLOBAL LTD.,38478,25.88
ONWARDTEC,ONWARD TECHNOLOGIES LTD,106853,310.24
OPTIEMUS,OPTIEMUS INFRACOM LTD,666510,3609.73
ORCHPHARMA,ORCHID PHARMA LIMITED,127074,1200.25
ORICONENT,ORICON ENTERPRISES LTD,38505,23.80
ORIENTBELL,ORIENT BELL LIMITED,4281,16.67
ORIENTCEM,ORIENT CEMENT LTD.,1699571,3044.11
ORIENTCER,ORIENT CERATECH LIMITED,30773,14.65
ORIENTELEC,ORIENT ELECTRIC LIMITED,939824,1758.10
ORIENTHOT,ORIENT HOTELS LTD,1183832,1466.26
ORIENTPPR,ORIENT PAPER AND INDS LTD,1990981,578.08
ORIENTTECH,ORIENT TECHNOLOGIES LTD,622245,1826.68
ORISSAMINE,ORISSA MIN DEV CO LTD,54612,2616.28
ORKLAINDIA,ORKLA INDIA LIMITED,118023,710.39
OSWALAGRO,OSWAL AGRO MILLS LTD,14,0.01
OSWALGREEN,OSWAL GREENTECH LIMITED,209833,61.53
OSWALPUMPS,OSWAL PUMPS LIMITED,2390643,9003.60
PACEDIGITK,PACE DIGITEK LIMITED,4895604,9503.92
PAGEIND,PAGE INDUSTRIES LTD,20630,7855.34
PAISALO,PAISALO DIGITAL LIMITED,87051145,49819.13
PAKKA,PAKKA LIMITED,83931,101.43
PANACEABIO,PANACEA BIOTEC LTD,436448,2017.30
PANAMAPET,PANAMA PETROCHEM LTD,568147,2717.72
PANCARBON,PANA CARBON IND CO LTD,100,0.50
PARACABLES,PARAMOUNT COMM LTD,4520760,2797.35
PARADEEP,PARADEEP PHOSPHATES LTD,7792450,11940.50
PARAGMILK,PARAG MILK FOODS LTD.,3345064,8228.64
PARAS,PARAS DEF AND SPCE TECH L,762299,9443.73
PARKHOSPS,PARK MEDI WORLD LIMITED,2745978,7647.48
PARKHOTELS,PARKHOTELS,4647602,6235.64
PASHUPATI,PASHUPATI COTSPIN LIMITED,1237323,1067.96
PASUPTAC,PASUPATI ACRYLON LIMITED,11058,7.58
PATANJALI,PATANJALI FOODS LIMITED,18046558,84168.26
PATELENG,PATEL ENGINEERING LTD.,17635489,5470.45
PATELRMART,PATEL RETAIL LIMITED,752476,1670.92
PAUSHAKLTD,PAUSHAK LIMITED,99096,726.30
PAYTM,ONE 97 COMMUNICATIONS LTD,1131513,15657.37
PCBL,PCBL CHEMICAL LIMITED,4944628,16836.12
PCJEWELLER,PC JEWELLER LTD,241557001,24808.15
PDMJEPAPER,PUDUMJEE PAPER PRO. LTD,206886,195.39
PDSL,PDS LIMITED,640930,2357.98
PENIND,PENNAR INDUSTRIES LTD,2789677,4802.62
PENINLAND,PENINSULA LAND LIMITED,451,0.09
PERSISTENT,PERSISTENT SYSTEMS LTD,266444,14059.48
PETRONET,PETRONET LNG LIMITED,1253426,3650.17
PFC,POWER FIN CORP LTD.,17229958,68443.41
PFIZER,PFIZER LTD,65656,3293.93
PFOCUS,PRIME FOCUS LIMITED,1671196,4855.83
PFS,PTC INDIA FIN SERV LTD,2894015,960.34
PGEL,PG ELECTROPLAST LTD,2404695,13542.08
PGHH,P&G HYGIENE & HEALTH CARE,42140,3899.19
PGHL,PROCTER & GAMBLE HEALTH L,34239,2068.64
PGIL,PEARL GLOBAL IND LIMITED,93704,1907.48
PHARMABEES,NIPPONAMC - NETFPHARMA,6575974,1696.07
PHOENIXLTD,THE PHOENIX MILLS LTD,185004,3622.38
PICCADIL,PICCADILY AGRO INDUSTRI L,720238,4836.36
PIDILITIND,PIDILITE INDUSTRIES LTD,204956,3279.06
PIGL,POWER INSTRUMENT (G) LTD,82510,86.93
PIIND,PI INDUSTRIES LTD,543177,15397.10
PILANIINVS,PILANI INV & IND COR LTD,7255,332.51
PINELABS,PINE LABS LIMITED,21960066,35081.53
PIRAMALFIN,PIRAMAL FINANCE LIMITED,213091,4437.16
PITTIENG,PITTI ENGINEERING LIMITED,181817,1923.86
PIXTRANS,PIX TRANSMISSIONS LIMITED,54586,977.49
PLASTIBLEN,PLASTIBLENDS INDIA LTD,25623,51.86
PLATIND,PLATINUM INDUSTRIES LTD,482902,1260.11
PLAZACABLE,PLAZA WIRES LIMITED,4085,2.30
PNB,PUNJAB NATIONAL BANK,25216331,28561.56
PNBGILTS,PNB GILTS LIMITED,3557423,3262.85
PNBHOUSING,PNB HOUSING FIN LTD.,357997,3735.53
PNCINFRA,PNC INFRATECH LTD.,2134337,5364.89
PNGJL,P N GADGIL JEWELLERS LTD,1123772,6990.14
PNGSREVA,PNGS REVA DIAMOND JEWEL L,542044,2743.26
POCL,PONDY OXIDES & CHEM LTD,1257400,6894.67
POKARNA,POKARNA LIMITED,247575,2367.30
POLICYBZR,PB FINTECH LIMITED,228264,3962.89
POLYCAB,POLYCAB INDIA LIMITED,477121,43131.45
POLYMED,POLY MEDICURE LIMITED,277069,4811.52
POLYPLEX,POLYPLEX CORPORATION LTD,272891,3087.48
PONNIERODE,PONNIE SUGARS (ERODE) LTD,8210,33.15
POONAWALLA,POONAWALLA FINCORP LTD,4402771,20603.66
POWERGRID,POWER GRID CORP. LTD.,8354548,24022.69
POWERICA,POWERICA LIMITED,319187,1818.71
POWERINDIA,HITACHI ENERGY INDIA LTD,99515,33514.55
POWERMECH,POWER MECH PROJECTS LTD.,327667,8699.62
PPAP,PPAP AUTOMOTIVE LIMITED,1104,3.71
PPL,PRAKASH PIPES LIMITED,5192,14.91
PPLPHARMA,PIRAMAL PHARMA LIMITED,4950473,9481.40
PRABHA,PRABHA ENERGY LIMITED,76879,139.46
PRADPME,PRADEEP METALS LTD.,1,0.01
PRAJIND,PRAJ INDUSTRIES LTD,3333787,12818.13
PRAKASH,PRAKASH INDUSTRIES LTD,4222461,6033.34
PRAVEG,PRAVEG LTD.,24678,68.71
PRECAM,PRECISION CAMSHAFTS LTD.,716340,1203.68
PRECWIRE,PRECISION WIRES INDIA LTD,304796,1228.64
PREMEXPLN,PREMIER EXPLOSIVES LTD,1301652,9116.29
PREMIERENE,PREMIER ENERGIES LIMITED,1367454,13950.44
PREMIERPOL,PREMIER POLYFILM LTD,75033,66.75
PRESTIGE,PRESTIGE ESTATE LTD,600324,9272.56
PRICOLLTD,PRICOL LIMITED,554216,3623.36
PRIMESECU,PRIME SECURITIES LIMITED,991695,2754.11
PRIMO,PRIMO CHEMICALS LIMITED,163338,40.60
PRINCEPIPE,PRINCE PIPES FITTINGS LTD,808735,2517.62
PRIVISCL,PRIVI SPECIALITY CHE LTD,938420,28825.98
PROSTARM,PROSTARM INFO SYSTEMS LTD,673860,1059.25
PROTEAN,PROTEAN EGOV TECHNO LTD,2435457,16288.27
PROZONER,PROZONE REALTY LIMITED,582709,328.20
PRSMJOHNSN,PRISM JOHNSON LIMITED,1675928,2172.16
PRUDENT,PRUDENT CORP ADV SER LTD,33458,1025.39
PSB,PUNJAB & SIND BANK,8957710,2468.29
PSPPROJECT,PSP PROJECTS LIMITED,471454,4013.42
PSUBANK,KOTAK PSU BANK,170626,154.65
PSUBANKADD,DSPAMC - DSPPSBKETF,296072,257.45
PSUBNKBEES,NIP IND ETF PSU BANK BEES,6422932,6199.47
PSUBNKIETF,ICICIPRAMC - PSUBANKICI,706381,615.28
PTC,PTC INDIA LIMITED,5779067,10596.65
PTCIL,PTC INDUSTRIES LIMITED,37746,6870.51
PTL,PTL ENTERPRISES LTD,2489,1.06
PUNJABCHEM,PUNJAB CHEM & CROP PROT L,15691,178.15
PURVA,PURAVANKARA LIMITED,853385,1975.34
PVP,PVP VENTURES LIMITED,122203,55.39
PVRINOX,PVR INOX LIMITED,785098,9108.60
PVSL,POPULAR VEHICLES N SER L,124581,139.88
PVTBANIETF,ICICIPRAMC - ICICIBANKP,7204175,2005.10
PVTBANKADD,DSPAMC - DSPPVBKETF,677855,192.10
PVTBKGROWW,GROWWAMC - PVTBKGROWW,1047,0.29
PWL,PHYSICSWALLAH LIMITED,5064554,6290.93
PYRAMID,PYRAMID TECHNOPLAST LTD,152587,263.32
QGOLDHALF,QUANTUM GOLD ETF,136006,142.77
QNIFTY,QUANTUM NIFTY 50 ETF,1038,3.04
QPOWER,QUALITY POWER ELEC EQUP L,211828,2802.60
QUADFUTURE,QUADRANT FUTURE TEK LTD,752318,3011.87
QUAL30IETF,ICICIPRAMC - ICICIQTY30,389134,84.78
QUALITY30,KOTAKMAMC - QUALITY30,3181,0.64
QUESS,QUESS CORP LIMITED,798764,2627.99
QUICKHEAL,QUICK HEAL TECH LTD,65844,161.98
RACLGEAR,RACL GEARTECH LIMITED,53505,733.59
RADHIKAJWE,RADHIKA JEWELTECH LIMITED,633805,456.65
RADIANTCMS,RADIANT CASH MGMT SER LTD,255498,130.85
RADICO,RADICO KHAITAN LTD,179386,6873.25
RAILTEL,RAILTEL CORP OF IND LTD,5604122,19664.17
RAIN,RAIN INDUSTRIES LIMITED,14550879,29954.16
RAINBOW,RAINBOW CHILDRENS MED LTD,266243,3999.30
RAJMET,RAJNANDINI METAL LIMITED,6,0.00
RAJOOENG,RAJOO ENGINEERS LIMITED,4533,2.94
RAJRATAN,RAJRATAN GLOBAL WIRE LTD,472829,1890.04
RAJSREESUG,RAJSHREE SUGAR & CHEMICAL,48,0.02
RALLIS,RALLIS INDIA LTD,2716534,6559.55
RAMAPHO,RAMA PHOSPHATES LIMITED,42370,64.09
RAMASTEEL,RAMA STEEL TUBES LIMITED,31942,2.44
RAMBHAJO,ADVIT JEWELS LIMITED,235628,583.83
RAMCOCEM,THE RAMCO CEMENTS LIMITED,265237,2519.19
RAMCOIND,RAMCO INDUSTRIES LIMITED,776697,2592.19
RAMCOSYS,RAMCO SYSTEMS LTD.,318846,1922.25
RAMKY,RAMKY INFRA LTD,1433776,7767.77
RAMRAT,RAM RATNA WIRES LIMITED,188869,877.16
RANASUG,RANA SUGARS LTD.,143788,21.89
RANEHOLDIN,RANE HOLDINGS LIMITED,20460,328.09
RATEGAIN,RATEGAIN TRAVEL TECHN LTD,3263717,21905.00
RATNAMANI,RATNAMANI MET & TUB LTD.,83550,2223.38
RATNAVEER,RATNAVEER PRECISION ENG L,4643542,10993.93
RAYMOND,RAYMOND LTD,1259125,7518.36
RAYMONDLSL,RAYMOND LIFESTYLE LIMITED,928896,7723.14
RAYMONDREL,RAYMOND REALTY LIMITED,1458397,9046.32
RBA,RESTAURANT BRAND ASIA LTD,7967086,6882.96
RBLBANK,RBL BANK LIMITED,4421559,14219.91
RBZJEWEL,RBZ JEWELLERS LIMITED,106036,170.27
RCF,RASHTRIYA CHEMICALS & FER,10116723,14161.04
RECLTD,REC LIMITED,13053289,48341.08
REDINGTON,REDINGTON LIMITED,2720259,8967.74
REDTAPE,REDTAPE LIMITED,2142372,2881.88
REFEX,REFEX INDUSTRIES LIMITED,2341296,7801.55
REGAAL,REGAAL RESOURCES LIMITED,128588,119.24
RELAXO,RELAXO FOOT LTD.,725542,2961.38
RELIABLE,RELIABLE DATA SERVICE LTD,10572,14.56
RELIANCE,RELIANCE INDUSTRIES LTD,16226307,218611.99
RELIGARE,RELIGARE ENTER. LTD.,3130032,7638.35
RELTD,RAVINDRA ENERGY LIMITED,2712627,4445.36
REMSONSIND,REMSONS INDUSTRIES LTD,51622,44.55
RENUKA,SHREE RENUKA SUGARS LTD,35332007,9765.99
REPCOHOME,REPCO HOME FINANCE LTD,598497,2372.84
REPRO,REPRO INDIA LIMITED,85824,319.11
RESPONIND,RESPONSIVE INDUSTRIES LTD,713546,1337.26
RGL,RENAISSANCE GLOBAL LTD,1557428,1945.86
RHETAN,RHETAN TMT LIMITED,9343005,2115.36
RHIM,RHI MAGNESITA INDIA LTD,1615129,6706.24
RICOAUTO,RICO AUTO INDUSTRIES LTD,4443026,6007.70
RIIL,RELIANCE INDUSTRIAL INFRA,453606,4012.42
RIR,RIR POWER ELECTRONICS L,42886,73.54
RISHABH,RISHABH INSTRUMENTS LTD,278143,1806.71
RITCO,RITCO LOGISTICS LIMITED,470063,1328.05
RITES,RITES LIMITED,3565070,9007.36
RKFORGE,RAMKRISHNA FORGINGS LTD,2089316,14090.55
RKSWAMY,R K SWAMY LIMITED,88674,94.18
RMC,RMC SWITCHGEARS LIMITED,5438,15.31
RMDRIP,R M DRIP & SPRINK SYS LTD,136864,88.11
RML,RANE (MADRAS) LIMITED,55267,585.31
RNBDENIMS,R&B DENIMS LIMITED,16696,7.61
ROHLTD,ROYAL ORCHID HOTELS LTD,57970,228.29
ROLEXRINGS,ROLEX RINGS LIMITED,2027342,3436.50
ROSSARI,ROSSARI BIOTECH LIMITED,389967,2142.18
ROSSELLIND,ROSSELL INDIA LIMITED,33051,21.10
ROSSTECH,ROSSELL TECHSYS LIMITED,259876,2708.90
ROTO,ROTO PUMPS LIMITED,1327921,964.70
ROUTE,ROUTE MOBILE LIMITED,1407230,9310.90
RPEL,RAGHAV PRODUCTIVITY ENH L,86674,1061.98
RPGLIFE,RPG LIFE SCIENCES LTD,30778,848.02
RPOWER,RELIANCE POWER LTD.,39234211,10874.08
RPPINFRA,R.P.P INFRA PROJECTS LTD,42765,32.43
RPSGVENT,RPSG VENTURES LIMITED,724108,6782.39
RPTECH,RASHI PERIPHERALS LIMITED,595120,4064.32
RRKABEL,R R KABEL LIMITED,406728,10341.71
RSL,RAJPUTANA STAINLESS LTD,859440,1245.60
RSWM,RSWM LIMITED,100,0.14
RSYSTEMS,R SYS INTERNATIONAL LTD,1056943,3132.20
RTNINDIA,RATTANINDIA ENT LIMITED,15705034,5812.68
RTNPOWER,RATTANINDIA POWER LIMITED,36479298,3532.83
RUBFILA,RUBFILA INTERNATIONAL LTD,137459,106.31
RUBICON,RUBICON RESEARCH LIMITED,190931,2876.91
RUCHIRA,RUCHIRA PAPERS LIMITED,42718,47.28
RUPA,RUPA & COMPANY LTD,544669,924.97
RUSHIL,RUSHIL DECOR LIMITED,864282,221.48
RUSTOMJEE,KEYSTONE REALTORS LIMITED,367485,1586.96
RVNL,RAIL VIKAS NIGAM LIMITED,25546230,72847.37
SAATVIKGL,SAATVIK GREEN ENERGY LTD,258534,1167.29
SAFARI,SAFARI IND (INDIA) LTD,100895,1698.75
SAGCEM,SAGAR CEMENTS LIMITED,330497,778.61
SAGILITY,SAGILITY LIMITED,35969339,16646.77
SAHYADRI,SAHYADRI INDUSTRIES LTD,34,0.12
SAIL,STEEL AUTHORITY OF INDIA,23001260,40360.80
SAILIFE,SAI LIFE SCIENCES LIMITED,628137,8174.84
SAIPARENT,SAI PARENTERALS LIMITED,462868,2634.20
SAKAR,SAKAR HEALTHCARE LIMITED,104582,911.78
SAKHTISUG,SAKTHI SUGARS LTD,1115250,460.64
SAKSOFT,SAKSOFT LIMITED,964476,1735.00
SALASAR,SALASAR TECHNO ENGG. LTD.,20780408,1715.77
SALZERELEC,SALZER ELECTRONICS LTD,291272,1960.60
SAMBHV,SAMBHV STEEL TUBES LTD,4041220,4751.20
SAMHI,SAMHI HOTELS LIMITED,2504805,4369.34
SAMMAANCAP,SAMMAAN CAPITAL LIMITED,57096913,91519.79
SANATHAN,SANATHAN TEXTILES LIMITED,23472,114.90
SANDESH,SANDESH LTD,366,4.21
SANDHAR,SANDHAR TECHNOLOGIES LTD,476030,3076.49
SANDUMA,SANDUR MANG & IRON ORES L,4153488,9011.05
SANGAMIND,SANGAM (INDIA) LTD,113115,650.61
SANGHIIND,SANGHI INDUSTRIES LTD,6380,3.53
SANGHVIMOV,SANGHVI MOVERS LTD,1102845,4291.10
SANOFI,SANOFI INDIA LIMITED,97633,3630.40
SANOFICONR,SANOFI CONS HEALTHC IND L,7713,353.21
SANSERA,SANSERA ENGINEERING LTD,345588,9244.56
SANSTAR,SANSTAR LIMITED,946082,1055.40
SAPPHIRE,SAPPHIRE FOODS INDIA LTD,940683,2206.94
SARDAEN,SARDA ENERGY & MIN LTD,1930292,10370.34
SAREGAMA,SAREGAMA INDIA LIMITED,1069152,5100.51
SARLAPOLY,SARLA PERF. FIBERS LTD,14421,13.80
SARVESHWAR,SARVESHWAR FOODS LIMITED,5827,0.24
SASKEN,SASKEN TECHNOLOGIES LTD,45732,807.65
SATIA,SATIA INDUSTRIES LIMITED,931196,611.48
SATIN,SATIN CREDIT NET LTD,1036395,2393.88
SAURASHCEM,SAURASHTRA CEMENT LIMITED,442759,306.52
SBC,SBC EXPORTS LIMITED,72581557,25789.85
SBCL,SHIVALIK BIMETAL CON. LTD,806926,6342.11
SBFC,SBFC FINANCE LIMITED,2859516,2829.79
SBIBPB,SBIAMC - SBIBPB,55150,28.21
SBICARD,SBI CARDS & PAY SER LTD,1452125,10046.41
SBIETFCON,SBIAMC - SBIETFCON,20143,25.37
SBIETFIT,SBIAMC - SBIETFIT,18797,65.99
SBIETFPB,SBIAMC - SBIETFPB,1894,5.32
SBIETFQLTY,SBIAMC - SBIETFQLTY,1488,3.22
SBIFUNDS,SBI FUNDS MANAGEMENT LTD,533251,2987.68
SBILIFE,SBI LIFE INSURANCE CO LTD,384324,7129.70
SBILIQETF,SBIAMC - SBILIQETF,15,0.15
SBIMIDMOM,SBIAMC - SBIMIDMOM,4800,3.08
SBIN,STATE BANK OF INDIA,8637015,89295.57
SBINEQWETF,SBIAMC - SBINEQWETF,3135,1.05
SBISILVER,SBIAMC - SBISILVER,1665886,4350.34
SBISMLETF,SBIAMC - SBISMLETF,2825,0.52
SBIVALETF,SBIAMC - SBIVALETF,15491,2.29
SCHAEFFLER,SCHAEFFLER INDIA LIMITED,102025,4217.84
SCHAND,S CHAND AND COMPANY LTD,104885,165.00
SCHNEIDER,SCHNEIDER ELECTRIC INFRA,281310,3622.89
SCI,SHIPPING CORP OF INDIA LT,10106194,30730.83
SCILAL,SHIPPING CORP OF ILA LTD,1486609,709.43
SCODATUBES,SCODA TUBES LIMITED,518528,740.76
SCPL,SHEETAL COOL PRODUCTS LTD,28812,192.07
SDBL,SOM DIST & BREW LTD,7543654,7051.32
SEAMECLTD,SEAMEC LIMITED,423327,6287.26
SEDEMAC,SEDEMAC MECHATRONICS LTD,119033,3406.84
SEIL,SHANTI EDU INITIATIVES L,1303698,2757.64
SELECTIPO,MIRAEAMC - SELECTIPO,19485,8.79
SENCO,SENCO GOLD LIMITED,2221524,8388.16
SENORES,SENORES PHARMACEUTICALS L,499369,6113.73
SENSEXADD,DSPAMC - DSPSENXETF,1436,1.15
SENSEXAXIS,AXISAMC-SENSEXAXIS,7600,6.13
SENSEXBETA,UTIAMC-SENSEXBETA,11705,101.44
SENSEXETF,MIRAEAMC - SENSEXETF,58510,46.84
SENSEXIETF,ICICI PRUD SENSEX ETF,52302,472.34
SEPC,SEPC LIMITED,19546049,1606.99
SERVOTECH,SERVOTECH REN POW SYS LTD,1677917,1577.75
SESHAPAPER,SESHASAYEE PAPER & BOARDS,77001,194.85
SETF10GILT,SBIAMC - SETF10GILT,480,1.26
SETFGOLD,SBI-ETF GOLD,2056355,2635.83
SETFNIF50,SBI-ETF NIFTY 50,496115,1294.25
SETFNIFBK,SBI-ETF NIFTY BANK,41213,242.85
SETFNN50,SBI-ETF NIFTY NEXT 50,37264,287.94
SETL,STANDARD ENGNG TCNLGY LTD,745400,1874.71
SFL,SHEELA FOAM LIMITED,555492,3926.99
SGFIN,SG FINSERVE LIMITED,648805,4199.39
SGIL,SYNERGY GREEN IND. LTD,5889,34.10
SGMART,SG MART LIMITED,1057898,7385.56
SHADOWFAX,SHADOWFAX TECHNOLOGIES L,4689707,10937.46
SHAH,SHAH METACORP LIMITED,4235572,146.88
SHAILY,SHAILY ENG PLASTICS LTD,268520,8252.87
SHAKTIPUMP,SHAKTI PUMPS (I) LTD,2707174,15907.67
SHALBY,SHALBY LIMITED,1005215,1823.46
SHALPAINTS,SHALIM PAINTS LTD,6183,5.33
SHANTIGEAR,SHANTHI GEARS LTD,90456,486.59
SHANTIGOLD,SHANTI GOLD INTERNATION L,3743445,9392.30
SHARDACROP,SHARDA CROPCHEM LTD.,862736,7877.40
SHARDAMOTR,SHARDA MOTOR INDS LTD,162494,1536.73
SHAREINDIA,SHARE IND. SECURITIES LTD,2870053,4913.11
SHARIABEES,NIP IND ETF SHARIAH BEES,7582,36.40
SHILCTECH,SHILCHAR TECHNOLOGIES LTD,31427,1346.98
SHILPAMED,SHILPA MEDICARE LTD,2609160,16837.73
SHINDL,SHARAT INDUSTRIES LTD.,368464,594.85
SHIVALIK,SHIVALIK RASAYAN LIMITED,150,0.45
SHK,S H KELKAR AND CO. LTD.,1845237,3045.43
SHOPERSTOP,SHOPPERS STOP LIMITED,79366,327.84
SHREDIGCEM,SHREE DIGVIJAY CEM CO LTD,299637,232.51
SHREECEM,SHREE CEMENT LIMITED,22543,5882.17
SHREEJISPG,SHREEJI SHIPPING GLOBAL L,2143227,12673.85
SHREEPUSHK,SHRE PUSH CHEM & FERT LTD,209725,836.34
SHREERAMA,SHREE RAMA MULTI TECH LTD,62703,29.69
SHRINGARMS,SHRINGAR HOU OF MANGALS L,4928382,10888.58
SHRIPISTON,SPR AUTO TECHNOLOGIES LTD,79314,3187.52
SHRIRAMFIN,SHRIRAM FINANCE LIMITED,2457850,25763.93
SHRIRAMPPS,SHRIRAM PROPERTIES LTD,4621347,4229.35
SHUKRAPHAR,SHUKRA PHARMACEUTICALS L,1650,0.74
SHYAMMETL,SHYAM METALICS AND ENGY L,1918178,18315.88
SIEMENS,SIEMENS LTD,170530,6682.60
SIGACHI,SIGACHI INDUSTRIES LTD,728232,227.87
SIGMA,SIGMA SOLVE LIMITED,11949,5.62
SIGMAADV,SIGMA ADVANCED SYSTEM LTD,633,2.10
SIGNATURE,SIGNATUREGLOBAL INDIA LTD,502700,4854.35
SIGNPOST,SIGNPOST INDIA LIMITED,212029,545.88
SIKA,SIKA INTERPLANT SYSTEMS L,41393,481.50
SILGO,SILGO RETAIL LIMITED,75,0.06
SILVER,BIRLASLAMC - SILVER,1030154,2494.97
SILVER1,KOTAKMAMC - KOTAKSILVE,4451567,1055.83
SILVER360,360ONEAMC - SILVER360,8874,21.97
SILVERADD,DSPAMC - DSPSILVETF,1293050,284.62
SILVERAG,MIRAEAMC - MASILVER,250460,622.56
SILVERAXIS,AXISAMC-SILVERAXIS,480883,1071.14
SILVERBEES,NIPPONAMC - NETFSILVER,35380832,83226.73
SILVERBETA,UTIAMC-SILVERBETA,871503,2104.36
SILVERBND,BANDHANAMC - SILVERBND,9301,27.96
SILVERCASE,ZERODHAAMC - SILVERCASE,7164399,1782.56
SILVERIETF,ICICIPRAMC - ICICISILVE,6788527,17041.08
SILVERTUC,SILVER TOUCH TECHNO LTD,158501,305.43
SIMPLEXINF,SIMPLEX INFRASTRUCTURES L,144584,359.00
SINCLAIR,SINCLAIRS HOTELS LIMITED,33096,36.17
SINDHUTRAD,SINDHU TRADE LINKS LTD,6750107,1698.37
SINGERIND,SINGER INDIA LIMITED,202,0.17
SIRCA,SIRCA PAINT INDIA LIMITED,2579987,11176.42
SIS,SIS LIMITED,137799,588.96
SIYSIL,SIYARAM SILK MILLS LTD,148805,945.78
SJS,SJS ENTERPRISES LIMITED,145868,3143.94
SJVN,SJVN LTD,22730468,19297.31
SKFINDIA,SKF INDIA LTD,94081,1586.96
SKFINDUS,SKF IND (INDUSTRIAL) LTD,14939,414.34
SKIPPER,SKIPPER LIMITED,1573146,8608.16
SKMEGGPROD,SKM EGG PROD EXPORT(I) LT,721355,1949.26
SKYGOLD,SKY GOLD AND DIAMONDS LTD,1691518,11084.73
SMALL250,MIRAEAMC - SMALL250,637409,111.25
SMALLADD,DSPAMC - SMALLADD,2106,0.39
SMALLCAP,MIRAEAMC - SMALLCAP,10443832,4905.84
SMALLGROWW,GROWWAMC - SMALLGROWW,600,0.30
SMARTWORKS,SMARTWORKS COWORKING SP L,601793,2915.77
SMCGLOBAL,SMC GLOBAL SECURITIES LTD,4208434,3194.33
SML100CASE,ZERODHAAMC - SML100CASE,1611372,175.69
SMLMAH,SML MAHINDRA LIMITED,297196,13280.46
SMSPHARMA,SMS PHARMACEUTICALS LTD.,725856,2698.86
SNOWMAN,SNOWMAN LOGISTICS LTD.,969422,487.33
SNXT30BEES,NIPPONAMC - SNXT30BEES,2810,1.16
SNXT50BETA,UTIAMC-SNXT50BETA,1570,1.47
SOBHA,SOBHA LIMITED,454662,6592.49
SOLARA,SOLARA ACTIVE PHA SCI LTD,567455,3389.18
SOLARINDS,SOLAR INDUSTRIES (I) LTD,188064,29852.74
SOLARWORLD,SOLARWORLD ENERGY SOL LTD,1675467,3397.52
SOLEX,SOLEX ENERGY LIMITED,104785,1187.75
SOMANYCERA,SOMANY CERAMICS LIMITED,276938,1448.07
SONACOMS,SONA BLW PRECISION FRGS L,1177653,8697.72
SONAMLTD,SONAM LIMITED,309,0.24
SONATSOFTW,SONATA SOFTWARE LTD,2301637,7581.19
SOTL,SAVITA OIL TECHNOLO. LTD,496658,3494.46
SOUTHBANK,THE SOUTH INDIAN BANK LTD,24814465,10312.84
SOUTHWEST,SOUTH WEST PINNACLE LTD,351472,832.74
SPAL,S. P. APPARELS LIMITED,132432,1364.35
SPANDANA,SPANDANA SPHOORTY FIN LTD,1308641,3739.33
SPARC,SUN PHARMA ADV.RES.CO.LTD,2261208,4618.57
SPECIALITY,SPECIALITY REST LTD,1400,2.94
SPECTRUM,SPECTRUM ELECTRIC IND LTD,46,0.95
SPENCERS,SPENCER S RETAIL LIMITED,283668,188.95
SPIC,SPIC LTD,2334412,1850.21
SPLPETRO,SUPREME PETROCHEM LIMITED,271717,2029.69
SPMLINFRA,SPML INFRA LIMITED,1858391,4019.86
SPORTKING,SPORTKING INDIA LIMITED,564423,1162.63
SREEL,SREELEATHERS LIMITED,5820,14.20
SRF,SRF LTD,481688,13080.85
SRHHYPOLTD,SREE RAYALSEEMA HHP LTD.,26857,149.47
SRM,SRM CONTRACTORS LIMITED,259070,1277.46
SRTL,SHREE RAM TWISTEX LIMITED,71589,31.09
SSDL,SARASWATI SAREE DEPOT LTD,2821,2.40
SSWL,STEEL STRIPS WHEELS LTD.,1941569,5732.96
STALLION,STALLION IND FLUOROCHEM L,209142,438.29
STANLEY,STANLEY LIFESTYLES LTD,365265,606.31
STAR,STRIDES PHARMA SCI LTD,539979,5384.15
STARCEMENT,STAR CEMENT LIMITED,1742011,3876.57
STARHEALTH,STAR HEALTH & AL INS CO L,302763,1662.29
STARPAPER,STAR PAPER MILLS LTD,523,0.90
STCINDIA,THE STATE TRADING CORPN,39211,52.62
STEELCAS,STEELCAST LIMITED,87446,290.37
STEELXIND,STEEL EXCHANGE INDIA LTD,7436270,817.34
STEL,STEL HOLDINGS LIMITED,1177,5.58
STERTOOLS,STERLING TOOLS LIMITED,8488,29.44
STLNETWORK,STL NETWORKS LIMITED,187658,50.75
STLTECH,STERLITE TECHNOLOGIES LTD,7964,14.58
STOVEKRAFT,STOVE KRAFT LIMITED,326349,2383.71
STUDDS,STUDDS ACCESSORIES LTD,133437,653.29
STYL,SESHAASAI TECHNOLOGIES L,494098,1839.97
STYLAMIND,STYLAM INDUSTRIES LIMITED,116493,3879.47
STYLEBAAZA,BAAZAR STYLE RETAIL LTD,2313640,9532.95
STYRENIX,STYRENIX PERFORMANCE LTD,181114,4267.78
SUBEXLTD,SUBEX LTD,1137653,206.14
SUBROS,SUBROS LIMITED,350744,2949.06
SUDARCOLOR,SUDARSHAN COLORNT IND LTD,19694,88.17
SUDARSCHEM,SUDARSHAN CHEMICAL INDS L,1023583,11444.16
SUDEEPPHRM,SUDEEP PHARMA LIMITED,556856,5081.88
SUKHJITS,SUKHJIT STARCH & CHEM LTD,18825,33.79
SULA,SULA VINEYARDS LIMITED,2610234,5262.98
SUMEETINDS,SUMEET IND LIMITED,556703,72.97
SUMICHEM,SUMITOMO CHEM INDIA LTD,800870,4198.79
SUMIT,SUMIT WOODS LIMITED,37061,18.69
SUMMITSEC,SUMMIT SECURITIES LTD,15528,279.02
SUNCLAY,SUNDARAM CLAYTON LIMITED,26704,378.77
SUNDARMFIN,SUNDARAM FINANCE LTD,38791,1825.98
SUNDRMFAST,SUNDRAM FASTENERS LTD,113260,1280.41
SUNDROP,SUNDROP BRANDS LIMITED,106936,749.91
SUNFLAG,SUNFLAG IRON AND STEEL CO,1003457,3643.90
SUNPHARMA,SUN PHARMACEUTICAL IND L,1436508,26577.95
SUNTECK,SUNTECK REALTY LIMITED,1379830,4838.56
SUNTV,SUN TV NETWORK LIMITED,763648,4017.19
SUPRAJIT,SUPRAJIT ENGINEERING LTD,299493,1394.08
SUPREME,SUPREME HOLDIN N HOSP I L,6126,4.18
SUPREMEIND,SUPREME INDUSTRIES LTD,246620,9347.01
SUPRIYA,SUPRIYA LIFESCIENCE LTD,570900,4878.70
SURAJEST,SURAJ ESTATE DEVELOPERS L,1652820,3951.89
SURAKSHA,SURAKSHA DIAGNOSTIC LTD,698860,2048.23
SURANASOL,SURANA SOLAR LIMITED,14999,4.09
SURANAT&P,SURANA TELECOM AND POW LT,10439,1.90
SURYAROSNI,SURYA ROSHNI LTD,1858720,4698.38
SURYODAY,SURYODAY SMALL FIN BK LTD,1571662,2663.28
SUTLEJTEX,SUTLEJ TEXT & INDUS LTD,495,0.19
SUVEN,SUVEN LIFE SCIENCES LTD,2166028,6267.50
SUYOG,SUYOG TELEMATICS LIMITED,163976,1292.05
SUZLON,SUZLON ENERGY LIMITED,192292846,101700.10
SWANCORP,SWAN CORP LIMITED,5717578,22325.99
SWARAJENG,SWARAJ ENGINES LTD,75713,2946.49
SWELECTES,SWELECT ENERGY SYS LTD,44514,308.23
SWIGGY,SWIGGY LIMITED,16446184,50440.99
SWSOLAR,STRLNG & WIL REN ENE LTD,8299204,19584.47
SYMPHONY,SYMPHONY LIMITED,656866,5019.70
SYNCOMF,SYNCOM FORMU (I) LTD,2052825,361.89
SYNGENE,SYNGENE INTERNATIONAL LTD,1606024,7447.48
SYRMA,SYRMA SGS TECHNOLOGY LTD,1974049,26400.93
SYSTMTXC,SYSTEMATIX CORP SERVICE L,51502,81.07
TAALTECH,TAAL TECH LTD.,4753,203.82
TAJGVK,TAJ GVK HOTELS & RESORTS,695884,2665.40
TAKE,TAKE LIMITED,7210,1.49
TALBROAUTO,TALBROS AUTO. COMP. LTD,202737,802.26
TANLA,TANLA PLATFORMS LIMITED,2636944,15926.83
TARACHAND,TARA CHAND INFRA SOLN LTD,6708,3.67
TARC,TARC LIMITED,4044755,5664.68
TARIL,TRANS & RECTI. LTD,6788494,22267.24
TARSONS,TARSONS PRODUCTS LIMITED,708295,2189.68
TASTYBITE,TASTY BITE EATABLES LTD,6788,667.20
TATACAP,TATA CAPITAL LIMITED,1641395,5898.56
TATACHEM,TATA CHEMICALS LTD,2723702,20373.55
TATACOMM,TATA COMMUNICATIONS LTD,360153,6458.11
TATACONSUM,TATA CONSUMER PRODUCT LTD,1156700,12894.74
TATAELXSI,TATA ELXSI LIMITED,828103,36076.13
TATAGOLD,TATAAML-TATAGOLD,43293724,6588.45
TATAINVEST,TATA INVESTMENT CORP LTD,1756721,13163.13
TATAPOWER,TATA POWER CO LTD,13061539,51242.99
TATASTEEL,TATA STEEL LIMITED,42015155,79982.93
TATATECH,TATA TECHNOLOGIES LIMITED,2090832,16204.28
TATSILV,TATAAML-TATSILV,63366604,15643.18
TATVA,TATVA CHIN PHARM CHEM LTD,127199,1774.56
TBOTEK,TBO TEK LIMITED,100090,1590.78
TBZ,TRIB BHIMJI ZAVERI LTD,622243,1705.78
TCC,TCC CONCEPT LIMITED,64157,162.28
TCI,TRANSPORT CORPN OF INDIA,65907,634.78
TCIEXP,TCI EXPRESS LIMITED,166344,1044.12
TCPLPACK,TCPL PACKAGING LIMITED,9936,374.20
TCS,TATA CONSULTANCY SERV LT,3739543,97845.10
TDPOWERSYS,TD POWER SYSTEMS LTD.,1470076,8677.66
TEAMLEASE,TEAMLEASE SERVICES LTD.,75745,1133.70
TECH,BIRLASLAMC - TECH,83367,29.54
TECHM,TECH MAHINDRA LIMITED,578735,9229.04
TECHNOCRAF,TECHNOCRAFT VENTURES LTD,8833,32.83
TECHNOE,TECHNO ELEC & ENG CO. LTD,1808764,20605.81
TEGA,TEGA INDUSTRIES LIMITED,1275275,24472.77
TEJASNET,TEJAS NETWORKS LIMITED,5557285,31591.07
TEMBO,TEMBO GLOBAL IND LTD,2415752,1423.39
TENNIND,TENNECO CLEAN AIR INDIA L,1499157,8479.25
TERASOFT,TERA SOFTWARE LIMITED,10791,39.78
TEXINFRA,TEXMACO INFRA & HOLDG LTD,975258,1003.41
TEXMOPIPES,TEXMO PIPE & PRODUCTS LTD,11026,5.89
TEXRAIL,TEXMACO RAIL & ENG. LTD.,9281023,11872.13
TFCILTD,TOURISM FINANCE CORP. OF,81045264,66337.90
TGVSL,T G V SRAAC LTD.,988,1.03
THANGAMAYL,THANGAMAYIL JEWELLERY LTD,100464,5869.89
THEJO,THEJO ENGINEERING LIMITED,8676,161.90
THELEELA,LEELA PALACES HOTEL LTD,220245,1144.46
THEMISMED,THEMIS MEDICARE LTD.,194224,227.48
THERMAX,THERMAX LTD,247297,10485.16
THOMASCOOK,THOMAS COOK (INDIA) LTD,4038360,4825.08
THOMASCOTT,THOMAS SCOTT (INDIA) LTD,6845,22.85
THYROCARE,THYROCARE TECH LTD,271031,1589.52
TI,TILAKNAGAR INDUSTRIES LTD,2728256,13382.57
TIGERLOGS,TIGER LOGISTICS (INDIA) L,15,0.01
TIIL,TECHNOCRAFT IND LTD,50212,1559.24
TIINDIA,TUBE INVEST OF INDIA LTD,214012,6385.85
TIL,TIL LTD,8308,21.25
TIMETECHNO,TIME TECHNOPLAST LTD.,6991750,13316.19
TIMEX,TIMEX GROUP INDIA LTD.,355622,1982.05
TIMKEN,TIMKEN INDIA LTD.,62487,2214.12
TINNARUBR,TINNA RUBBER AND INFR LTD,78635,848.40
TIPSMUSIC,TIPS MUSIC LIMITED,793077,5006.27
TIRUMALCHM,THIRUMALAI CHEMICALS LTD,2675827,5290.33
TIRUPATIFL,TIRUPATI FORGE LIMITED,1890,1.29
TITAGARH,TITAGARH RAIL SYSTEMS LTD,2200979,19032.04
TITAN,TITAN COMPANY LIMITED,181636,8420.08
TMB,TAMILNAD MERCA BANK LTD,691152,5236.58
TMCV,TATA MOTORS LIMITED,3030584,13311.60
TMPV,TATA MOTORS PASS VEH LTD,22714529,87559.61
TNIDETF,TATAAML - TNIDETF,124806,110.50
TNPETRO,TAMILNADU PETROPRODUCTS L,478345,567.79
TNPL,TAMILNADU NEWSPRT & PAPER,654758,1038.63
TOLINS,TOLINS TYRES LIMITED,160366,208.34
TOP100CASE,ZERODHAAMC - TOP100CASE,1652593,176.18
TOP10ADD,DSPAMC - TOP10ADD,108382,98.78
TOP15IETF,ICICIPRAMC - TOP15IETF,75208,7.56
TOP20,MIRAEAMC - TOP20,122,0.01
TORNTPHARM,TORRENT PHARMACEUTICALS L,78633,3833.59
TORNTPOWER,TORRENT POWER LTD,518464,7179.09
TPLPLASTEH,TPL PLASTECH LIMITED,214085,155.17
TRACXN,TRACXN TECHNOLOGIES LTD,119696,54.90
TRANSRAILL,TRANSRAIL LIGHTING LTD,2965344,16459.40
TRANSWORLD,TRANSWORLD SHIP LINES LTD,1509,4.32
TRAVELFOOD,TRAVEL FOOD SERVICES LTD,172124,2401.66
TREL,TRANSINDIA REAL ESTATE L,18470,5.91
TRENT,TRENT LTD,1681922,53607.62
TRF,TRF LIMITED,24821,65.64
TRIDENT,TRIDENT LIMITED,26960232,7606.00
TRIGYN,TRIGYN TECHNOLOGIES LTD,3402,1.91
TRITURBINE,TRIVENI TURBINE LIMITED,1076138,6909.30
TRIVENI,TRIVENI ENGG. & INDS. LTD,1774748,4969.33
TRUALT,TRUALT BIOENERGY LIMITED,1233833,5753.39
TSFINV,TSF INVESTMENTS LIMITED,374181,1699.17
TTKHLTCARE,TTK HEALTHCARE LIMITED,33318,367.51
TTKPRESTIG,TTK PRESTIGE LTD,337656,2187.05
TTML,TATA TELESERV(MAHARASTRA),5997215,2646.83
TURTLEMINT,TURTLEMINT FINTECH SOLS L,513138,765.12
TVSELECT,TVS ELECTRONICS LTD,54489,271.21
TVSHLTD,TVS HOLDINGS LIMITED,8750,1246.23
TVSMOTOR,TVS MOTOR COMPANY  LTD,312382,12907.07
TVSSCS,TVS SUPPLY CHAIN SOL L,944976,1272.35
TVSSRICHAK,TVS SRICHAKRA LIMITED,12503,625.93
TVTODAY,TV TODAY NETWORK LTD,357828,479.28
UBL,UNITED BREWERIES LTD,372955,5568.36
UCAL,UCAL LIMITED,6419,7.75
UCOBANK,UCO BANK,35916961,10571.03
UDS,UPDATER SERVICES LIMITED,823991,1851.91
UFBL,UNITED FOODBRANDS LIMITED,7371,33.88
UFLEX,UFLEX LIMITED,407641,2352.13
UFO,UFO MOVIEZ INDIA LTD.,42397,32.87
UGARSUGAR,THE UGAR SUGAR WORKS LTD,122973,65.77
UGROCAP,UGRO CAPITAL LIMITED,1443196,1619.31
UJJIVANSFB,UJJIVAN SMALL FINANC BANK,21695370,13955.91
ULTRACEMCO,ULTRATECH CEMENT LIMITED,178652,21147.43
ULTRAMAR,ULTRAMARINE & PIGMENTS L,35066,148.11
UNICHEMLAB,UNICHEM LABORATORIES LTD,197960,1103.54
UNIECOM,UNICOMMERCE ESOLUTIONS L,1973101,2254.85
UNIMECH,UNIMECH AEROSPACE N MFG L,430458,5773.40
UNIONBANK,UNION BANK OF INDIA,10654221,18586.11
UNIONGOLD,UNIONAMC - UNIONGOLD,1166,1.78
UNIPARTS,UNIPARTS INDIA LIMITED,275477,1986.44
UNITDSPR,UNITED SPIRITS LIMITED,304006,4418.22
UNITECH,UNITECH LTD,1653229,77.54
UNITEDTEA,UNITED NILGIRI TEA LTD,23,0.11
UNIVASTU,UNIVASTU INDIA LIMITED,23,0.01
UNIVCABLES,UNIVERSAL CABLES LTD,308417,3345.66
UNOMINDA,UNO MINDA LIMITED,592261,7178.11
UPL,UPL LIMITED,2232106,13655.68
URBANCO,URBAN COMPANY LIMITED,3517437,5383.55
URJA,URJA GLOBAL LIMITED,529489,57.06
USHAMART,USHA MARTIN LTD.,1912563,8713.28
UTIAMC,UTI ASSET MNGMT CO LTD,821121,8239.25
UTKARSHBNK,UTKARSH SMALL FIN BANK L,32426042,5548.27
UTLSOLAR,FUJIYAMA POWER SYSTEMS L,225284,1001.52
UTTAMSUGAR,UTTAM SUGAR MILLS LTD.,336577,1038.79
V2RETAIL,V2 RETAIL LIMITED,6121669,13698.21
VADILALIND,VADILAL INDUSTRIES LTD,30621,2194.75
VAIBHAVGBL,VAIBHAV GLOBAL LIMITED,2078558,5094.02
VAKRANGEE,VAKRANGEE LIMITED,572357,41.09
VAL30IETF,ICICIPRAMC - VAL30IETF,267558,41.89
VALIANTORG,VALIANT ORGANICS LIMITED,200,0.58
VALUE,MIRAEAMC - VALUE,140,0.02
VALUEAXIS,AXISAMC-VALUEAXIS,108189,35.25
VAML,VEDANTA ALUMINIUM METAL L,3797887,17343.48
VARDHACRLC,VARDHAMAN ACRYLICS LTD,1264,0.58
VARDMNPOLY,VARDHMAN POLYTEX LTD.,3883,0.27
VARROC,VARROC ENGINEERING LTD.,357770,2640.76
VASCONEQ,VASCON ENGINEERS LTD,154272,56.19
VASWANI,VASWANI IND LTD,500,0.28
VBL,VARUN BEVERAGES LIMITED,11559730,53223.08
VEDL,VEDANTA LIMITED,26152701,83067.11
VEDPOWER,VEDANTA POWER LIMITED,6244915,2280.49
VEEDOL,VEEDOL CORPORATION LTD,46642,767.45
VENKEYS,VENKY S (INDIA) LIMITED,245942,3906.98
VENTIVE,VENTIVE HOSPITALITY LTD,1372932,9595.74
VENUSPIPES,VENUS PIPES & TUBES LTD,460391,7265.86
VERANDA,VERANDA LEARNING SOL LTD,1757730,3786.03
VESUVIUS,VESUVIUS INDIA LTD,293110,1411.93
VGL,VARVEE GLOBAL LIMITED,678,0.47
VGUARD,V-GUARD IND LTD.,707826,2372.41
VHL,VARDHMAN HOLDINGS LIMITED,9,0.31
VIDHIING,VIDHI SPCLTY F INGRDNTS L,509446,2130.60
VIDYAWIRES,VIDYA WIRES LIMITED,1355957,1255.14
VIJAYA,VIJAYA DIAGNOSTIC CEN LTD,205634,2980.52
VIKASECO,VIKAS ECOTECH LIMITED,84295,1.04
VIKASLIFE,VIKAS LIFECARE LIMITED,100033,4.61
VIKRAMSOLR,VIKRAM SOLAR LIMITED,4799444,8893.48
VIKRAN,VIKRAN ENGINEERING LTD,6251430,4677.68
VIMTALABS,VIMTA LABS LIMITED,591251,3662.57
VINATIORGA,VINATI ORGANICS LTD,214615,2965.95
VINCOFE,VINTAGE COFFEE N BVRGS L,3982942,6385.88
VINDHYATEL,VINDHYA TELELINKS LTD,106704,2265.71
VINYLINDIA,VINYL CHEMICALS (I) LTD.,13676,37.04
VIPCLOTHNG,VIP CLOTHING LIMITED,59,0.01
VIPIND,VIP INDUSTRIES LTD,1466184,5333.61
VISAKAIND,VISAKA INDUSTRIES LIMITED,562015,438.74
VISHAL,VISHAL FABRICS LTD.,4633,0.92
VISHNU,VISHNU CHEMICALS LIMITED,453215,2681.65
VISHWARAJ,VISHWARAJ SUGAR IND LTD,29935,1.76
VISL,VEDANTA IRON AND STEEL L,13099218,4980.83
VIYASH,VIYASH SCIENTIFIC LIMITED,19281925,50723.74
VLSFINANCE,VLS FINANCE LTD,29240,74.90
VMART,VMART RETAIL LTD,202518,1627.51
VMM,VISHAL MEGA MART LIMITED,13637284,16027.96
VMSTMT,VMS TMT LIMITED,79802,39.97
VOEPL,VIRTUOSO OPTOELECTRONIC L,58114,321.99
VOGL,VEDANTA OIL AND GAS LTD,16110193,6428.37
VOLTAMP,VOLTAMP TRANSFORMERS LTD,44523,4529.68
VOLTAS,VOLTAS LTD,1312990,17210.66
VPRPL,VISHNU PRAKASH R PUNGLI L,314434,174.78
VRAJ,VRAJ IRON AND STEEL LTD,8458,15.50
VRLLOG,VRL LOGISTICS LIMITED,271797,760.99
VSSL,VARDHMAN SPC STEEL LTD,111632,372.10
VSTIND,VST INDUSTRIES LTD,1559830,4070.85
VSTL,VIBHOR STEEL TUBES LTD,2754,4.08
VSTTILLERS,VST TILLERS TRACTORS LTD,73663,3727.72
VTL,VARDHMAN TEXTILES LIMITED,723273,4402.20
WAAREEENER,WAAREE ENERGIES LIMITED,2789284,83578.02
WAAREEINDO,INDOSOLAR LIMITED,14180,43.83
WAAREERTL,WAAREE RENEWABLE TECH LTD,810554,8272.58
WABAG,VA TECH WABAG LTD,1013933,19574.96
WAKEFIT,WAKEFIT INNOVATIONS LTD,847567,1155.99
WALCHANNAG,WALCHANDNAGAR INDUSTRIES,1529121,3679.11
WANBURY,WANBURY LIMITED,85386,217.11
WARDINMOBI,WARDWIZARD INNO & MOB L,2000,0.12
WCIL,WESTERN CARRIERS (IND) L,945070,1049.20
WEALTH,WEALTH FRST PORT. MG. LTD,2715,26.83
WEBELSOLAR,WEBSOL ENERGY SYSTEM LTD,6090840,5217.10
WEL,WONDER ELECTRICALS LTD,635464,863.10
WELCORP,WELSPUN CORP LIMITED,904222,13477.52
WELENT,WELSPUN ENTERPRISES LTD.,1944630,10925.17
WELSPLSOL,WELSPUN SPECIALTY SOL L,650257,359.64
WELSPUNLIV,WELSPUN LIVING LIMITED,2635193,4334.61
WENDT,WENDT (INDIA) LIMITED,33838,2862.55
WESTLIFE,WESTLIFE FOODWORLD LTD,133337,794.92
WEWORK,WEWORK INDIA MANAGEMENT L,443829,2765.65
WHEELS,WHEELS INDIA LTD,171558,2507.81
WHIRLPOOL,WHIRLPOOL OF INDIA LTD,900705,8063.53
WINDLAS,WINDLAS BIOTECH LIMITED,281405,2513.11
WINDMACHIN,WINDSOR MACHINES LIMITED,304336,902.42
WIPRO,WIPRO LTD,23058418,45667.89
WOCKPHARMA,WOCKHARDT LIMITED,2111379,37014.74
WONDERLA,WONDERLA HOLIDAYS LTD.,208298,1109.98
WPIL,W P I L LTD.,68644,318.97
WSI,W.S.INDUSTRIES (I) LTD.,475166,378.66
WSTCSTPAPR,WEST COAST PAPER MILLS LT,470511,2718.39
XCHANGING,XCHANGING SOLUTIONS LTD,471648,378.63
XPROINDIA,XPRO INDIA LIMITED,159137,1902.73
XTRANET,XTRANET TECHNOLOGIES LTD,3211,6.12
YASHO,YASHO INDUSTRIES LIMITED,60881,2442.40
YATHARTH,YATHARTH HOSP & TRA C S L,676613,5659.41
YATRA,YATRA ONLINE LIMITED,3148483,3935.07
YESBANK,YES BANK LIMITED,314904647,71697.90
YUKEN,YUKEN INDIA LIMITED,22409,217.04
ZAGGLE,ZAGGLE PREPA OCEAN SER L,5942392,13212.46
ZEEL,ZEE ENTERTAINMENT ENT LTD,59911979,65241.72
ZEELEARN,ZEE LEARN LIMITED,10381,0.63
ZEEMEDIA,ZEE MEDIA CORPORATION LTD,777387,70.12
ZENSARTECH,ZENSAR TECHNOLOGIES  LTD,2942348,16269.13
ZENTEC,ZEN TECHNOLOGIES LIMITED,852585,15152.20
ZFCVINDIA,ZF COM VE CTR SYS IND LTD,128508,3279.40
ZIMLAB,ZIM LABORATORIES LIMITED,2500,2.84
ZODIAC,ZODIAC ENERGY LIMITED,771,2.14
ZOTA,ZOTA HEALTH CARE LIMITED,225728,2984.86
ZUARI,ZUARI AGRO CHEMICALS LTD,547537,1388.43
ZUARIIND,ZUARI INDUSTRIES LIMITED,284541,843.06
ZYDUSLIFE,ZYDUS LIFESCIENCES LTD,416850,4630.17
ZYDUSWELL,ZYDUS WELLNESS LIMITED,588746,3130.77
,,,
 * Figures are rounded to the nearest decimal. ,,,
